Company,Label,Age,Attrition_mean,BusinessTravel,Education,Human Resources,Life Sciences,Marketing,Medical,Other,Technical Degree,EnvironmentSatisfaction_1,EnvironmentSatisfaction_2,EnvironmentSatisfaction_3,EnvironmentSatisfaction_4,Female,Male,JobLevel_1,JobLevel_2,JobLevel_3,JobLevel_4,JobLevel_5,Healthcare Representative,JobRole_Human Resources,Laboratory Technician,Manager,Manufacturing Director,Research Director,Research Scientist,Sales Executive,Sales Representative,JobSatisfaction_1,JobSatisfaction_2,JobSatisfaction_3,JobSatisfaction_4,MonthlyIncome,MonthlyRate,NumCompaniesWorked_0,NumCompaniesWorked_1,NumCompaniesWorked_2,NumCompaniesWorked_3,NumCompaniesWorked_4,NumCompaniesWorked_5,NumCompaniesWorked_6,NumCompaniesWorked_7,NumCompaniesWorked_8,NumCompaniesWorked_9,OverTime,PercentSalaryHike,RelationshipSatisfaction_1,RelationshipSatisfaction_2,RelationshipSatisfaction_3,RelationshipSatisfaction_4,StockOptionLevel_0,StockOptionLevel_1,StockOptionLevel_2,StockOptionLevel_3,TotalWorkingYears,TrainingTimesLastYear,WorkLifeBalance_1,WorkLifeBalance_2,WorkLifeBalance_3,WorkLifeBalance_4,YearsAtCompany,LeastAtCompany
1,0,33.33333333,0,3.666666667,5,0,1,1,1,0,0,0,1,1,1,0,3,0,3,0,0,0,0,0,1,0,1,0,0,1,0,0,1,2,0,6009.666667,14933,1,1,1,0,0,0,0,0,0,0,0.3333333,14,2,0,1,0,2,0,0,1,6.666666667,2.666666667,0,2,0,1,5.666666667,3
2,0,32.5,0,3,8,0,2,0,2,0,0,1,1,2,0,2,2,3,1,0,0,0,1,0,1,0,0,0,1,0,1,1,0,0,3,3355,14638,0,3,0,0,0,0,0,0,1,0,0.25,16,1,1,0,2,1,2,0,1,9,3.75,0,0,4,0,8,1
3,1,35.5,0.5,2.5,11,0,2,0,1,0,1,1,0,1,2,2,2,1,1,2,0,0,0,0,0,0,0,0,1,3,0,1,2,1,0,6311.5,14218.5,1,1,0,1,1,0,0,0,0,0,0.25,14.25,2,2,0,0,1,3,0,0,11,2.25,1,0,3,0,8.75,2
4,1,36.75,0.25,2.5,12,0,2,0,1,0,1,1,1,0,2,1,3,1,1,1,1,0,0,0,0,1,0,0,1,2,0,2,0,2,0,8270.25,10984.5,0,2,2,0,0,0,0,0,0,0,0.3333333,16.25,3,1,0,0,1,3,0,0,11,2.75,0,1,3,0,9.25,5
5,0,39.75,0,3.5,11,0,1,0,2,0,1,1,0,1,2,1,3,2,1,1,0,0,1,0,1,0,1,0,1,0,0,0,0,1,3,5678.5,6949.25,1,0,0,1,1,0,1,0,0,0,0,14,1,0,0,3,4,0,0,0,10.25,2.25,1,0,3,0,3.75,1
6,0,32.75,0,3,11,0,2,0,2,0,0,1,1,1,1,3,1,2,2,0,0,0,2,0,1,0,0,0,1,0,0,0,0,2,2,4434.25,7810,1,1,0,1,0,1,0,0,0,0,0.25,16.75,1,1,1,1,3,1,0,0,5.75,2.75,0,0,4,0,3.25,1
7,0,37.5,0.25,2.5,13,0,2,1,1,0,0,0,0,2,2,0,4,0,3,1,0,0,1,0,0,0,1,0,0,2,0,0,1,1,2,7688,17755,0,1,2,0,0,0,0,1,0,0,0,12.5,0,1,1,2,2,1,0,1,9,2.5,0,1,3,0,5,2
8,0,41.5,0.25,3.5,9,0,4,0,0,0,0,0,1,0,3,1,3,0,2,0,2,0,0,0,0,0,2,1,0,1,0,1,1,1,1,10232.25,16190.25,0,1,0,1,1,0,0,0,1,0,0.25,13.25,2,0,2,0,1,2,1,0,18,1.75,1,0,2,1,13,6
9,1,37.75,0,2.5,10,0,2,1,1,0,0,1,2,1,0,1,3,1,1,0,1,1,0,0,0,0,0,2,1,1,0,1,0,2,1,11688.75,11670.75,1,1,0,0,0,0,1,0,0,1,0.25,17.75,1,0,1,2,0,4,0,0,14,3.5,0,0,4,0,8.5,3
10,0,40,0.25,3,13,0,4,0,0,0,0,1,1,0,2,3,1,2,1,0,1,0,0,0,1,1,0,0,1,1,0,2,0,2,0,7301.25,11616.5,0,2,0,0,2,0,0,0,0,0,0,12.25,0,1,0,3,1,3,0,0,11.5,3.5,0,0,4,0,9.75,1
11,1,28.5,0,3,13,0,3,0,1,0,0,0,2,1,1,2,2,3,1,0,0,0,0,0,1,0,1,0,1,0,1,0,2,1,1,3081.75,7686.5,0,4,0,0,0,0,0,0,0,0,0.3333333,14.5,1,2,0,1,1,2,1,0,2.75,2.5,0,0,4,0,2.75,0
12,1,30.5,0,2,11,0,2,0,2,0,0,1,0,1,2,1,3,4,0,0,0,0,0,1,2,0,0,0,0,0,1,0,2,2,0,2850.5,7761,1,1,1,0,0,0,0,0,1,0,0.3333333,17.5,1,0,2,1,2,2,0,0,5.5,3,0,0,3,1,3.75,1
13,1,26,0.5,3.5,9,0,2,0,1,0,1,0,2,0,2,3,1,3,1,0,0,0,0,0,1,0,0,0,1,1,1,0,0,2,2,3040,19489.75,0,2,0,1,0,1,0,0,0,0,0.25,14.75,2,0,1,1,2,1,1,0,4.25,2.25,0,0,3,1,2.5,0
14,1,29,0.75,3,8,0,1,0,2,1,0,1,2,0,1,1,3,1,2,1,0,0,0,0,0,1,1,0,1,1,0,1,0,1,2,8044.75,12422.25,0,3,0,0,0,0,0,1,0,0,0.25,16,1,1,0,2,2,2,0,0,8.75,3,0,1,2,1,6.75,1
15,0,37.25,0.25,4,13,0,3,1,0,0,0,1,3,0,0,3,1,0,2,2,0,0,0,0,0,0,1,1,0,2,0,0,2,1,1,8694,10491.5,0,2,0,0,1,0,0,1,0,0,0.25,15,1,0,1,2,2,1,1,0,11,2.5,0,0,4,0,7.75,2
16,1,39.5,0.25,3.5,11,0,2,0,1,0,1,1,0,1,2,1,3,1,0,2,1,0,0,0,0,1,0,0,0,2,1,3,0,1,0,10059,7172.75,0,0,1,2,0,0,1,0,0,0,0.25,15.25,0,1,3,0,1,3,0,0,15,2.5,1,1,2,0,2,0
17,1,45.75,0,3.5,13,0,2,0,2,0,0,2,0,1,1,3,1,1,0,1,2,0,0,0,0,2,1,0,1,0,0,1,0,2,1,11043,15084.75,0,1,2,0,0,0,0,1,0,0,0.3333333,19,2,1,1,0,1,3,0,0,19,3,1,1,2,0,5.75,3
18,0,32,0,3,10,0,1,0,3,0,0,0,2,1,1,3,1,0,3,0,1,0,1,0,1,0,0,1,1,0,0,0,0,2,2,7901.5,16182.25,1,0,0,1,1,1,0,0,0,0,0.25,13,2,1,1,0,0,2,2,0,9.5,3,0,2,2,0,7.25,5
19,0,37.75,0,3,12,1,2,0,0,1,0,0,2,2,0,0,4,2,1,0,0,1,0,1,0,1,0,0,1,1,0,0,2,0,2,8386,17122.25,0,2,1,0,1,0,0,0,0,0,0,16.25,1,1,1,1,1,3,0,0,14,2.75,0,0,4,0,7.25,3
20,1,34,0.25,3,10,0,0,0,3,0,1,1,1,1,1,2,2,1,2,1,0,0,0,0,0,0,0,1,2,0,1,2,0,1,1,5957.5,8361.75,0,2,0,0,0,1,0,0,0,1,0.3333333,15.5,1,1,1,1,2,2,0,0,11.25,3.75,0,0,3,1,9.25,5
21,0,38.5,0,3.5,11,0,1,0,1,0,2,0,1,2,1,2,2,0,2,2,0,0,1,0,0,0,1,0,0,2,0,0,1,1,2,7872.25,16591.25,0,2,0,1,1,0,0,0,0,0,0.25,15.25,0,2,1,1,0,1,1,2,11.25,3.75,0,1,2,1,8.25,2
22,0,28.25,0,2.5,8,0,2,0,1,1,0,1,0,1,2,1,3,1,3,0,0,0,0,0,2,0,0,0,1,1,0,1,2,1,0,3705.25,16941.5,1,0,0,0,1,1,1,0,0,0,0.25,15.5,1,2,0,1,1,3,0,0,6.75,1.5,1,0,3,0,3.25,2
23,0,33.5,0.25,3,12,0,3,1,0,0,0,0,1,1,2,3,1,1,1,2,0,0,0,0,0,1,0,1,0,1,1,0,0,1,3,8213.5,15986.75,0,2,0,2,0,0,0,0,0,0,0,15.5,0,1,1,2,4,0,0,0,8.5,3,0,0,4,0,4,1
24,0,37,0,3.5,10,0,1,0,1,1,1,0,1,1,2,3,1,0,2,2,0,0,1,0,0,0,1,0,0,2,0,0,0,2,2,6396.25,6291.25,0,2,0,0,1,0,0,0,0,1,0.25,13.75,0,0,0,4,2,2,0,0,9.25,3.75,0,0,4,0,7.5,4
25,0,38.5,0,2.5,12,0,1,0,3,0,0,0,1,0,3,1,3,2,1,1,0,0,0,0,1,0,2,0,1,0,0,2,0,0,2,5569.25,17281.5,0,2,1,0,0,0,1,0,0,0,0,13,0,1,2,1,2,2,0,0,12.25,4.5,1,1,2,0,6.25,4
26,0,34.75,0.25,4.5,15,0,2,0,2,0,0,1,1,1,1,3,1,1,2,1,0,0,0,0,1,0,0,1,1,1,0,0,0,3,1,8381,14762.25,0,2,0,0,0,0,0,0,0,2,0,14,0,2,1,1,2,1,0,1,10,2.75,0,1,1,2,9,2
27,1,32,0,3.5,13,0,1,0,2,1,0,2,0,1,1,1,3,3,1,0,0,0,0,0,1,0,0,0,3,0,0,1,1,1,1,3797.5,17337,1,2,0,0,1,0,0,0,0,0,0,17,2,1,0,1,2,1,1,0,11.25,3.5,0,1,3,0,9.5,3
28,1,39,0.5,3.5,15,0,1,0,2,1,0,1,0,1,2,3,1,1,3,0,0,0,0,0,1,0,0,0,1,2,0,0,2,1,1,3929,11582.5,1,1,0,1,0,0,0,1,0,0,0.25,17.75,1,0,2,1,3,1,0,0,14,3,0,0,2,2,8.75,1
29,1,48.5,0.75,3,12,0,0,1,3,0,0,1,0,1,2,2,2,0,1,3,0,0,2,1,0,0,0,0,0,1,0,1,2,0,1,9620.75,12058,0,1,1,0,2,0,0,0,0,0,0.3333333,15.25,0,1,1,2,0,4,0,0,14.75,2,0,0,2,2,7.75,3
30,0,37.5,0,3,12,1,3,0,0,0,0,0,0,2,2,2,2,1,0,2,1,0,2,0,1,1,0,0,0,0,0,2,0,1,1,8593,16276.25,1,1,0,1,1,0,0,0,0,0,0.3333333,14.75,0,2,2,0,2,2,0,0,12.75,2.75,0,0,4,0,9.75,3
31,0,33.75,0.25,3.5,9,0,1,0,2,0,1,1,0,2,1,1,3,2,0,2,0,0,0,0,1,0,0,1,1,1,0,0,0,1,3,6682,11596.75,0,2,0,0,1,0,0,1,0,0,0.25,13.25,1,2,0,1,2,2,0,0,8,3.25,0,1,3,0,6.25,1
32,0,33,0,3,10,0,1,1,1,0,1,1,0,2,1,2,2,2,1,1,0,0,0,0,0,0,1,0,2,1,0,0,0,2,2,5422,14035.5,0,3,0,0,1,0,0,0,0,0,0.3333333,13.75,2,0,0,2,1,2,0,1,8.5,2.5,0,0,4,0,5,2
33,1,33.75,0,3,12,0,2,0,2,0,0,2,0,1,1,0,4,1,1,1,1,0,1,0,0,0,1,0,0,1,1,0,1,0,3,7399.75,15301.75,0,3,0,1,0,0,0,0,0,0,0.3333333,18.5,0,1,2,1,2,2,0,0,10.25,3.25,0,3,1,0,9.5,3
34,0,42.75,0,3,10,0,1,0,1,0,2,1,2,1,0,1,3,2,1,0,0,1,0,0,0,1,0,0,3,0,0,0,0,1,3,6815.25,12238.75,0,3,0,0,0,0,1,0,0,0,0.25,13.5,1,0,1,2,3,0,1,0,9.5,2.75,0,0,4,0,9,1
35,1,42,0.25,3,15,0,1,1,2,0,0,0,3,0,1,1,3,2,1,1,0,0,0,0,0,0,0,0,2,2,0,1,1,2,0,5241.75,18162.25,0,1,0,0,2,0,1,0,0,0,0.25,16.75,0,3,1,0,1,3,0,0,9.25,2,1,2,1,0,4.75,1
36,0,33.25,0,3.5,10,0,1,0,2,0,1,0,1,1,2,2,2,2,1,1,0,0,2,0,1,0,0,0,1,0,0,3,1,0,0,5730.75,11615.25,1,1,2,0,0,0,0,0,0,0,0.3333333,15.25,0,3,1,0,2,1,0,1,10.75,2.25,0,1,3,0,5.75,3
37,0,29.75,0,3,8,0,0,0,4,0,0,0,2,1,1,2,2,2,1,0,1,0,1,0,2,0,0,1,0,0,0,2,1,1,0,7108.25,12681.25,0,2,0,0,0,1,0,0,1,0,0,15.75,1,0,0,3,3,1,0,0,11.25,2.5,1,0,2,1,4,1
38,1,34,0,2,10,0,1,0,0,1,2,1,0,2,1,2,2,2,1,1,0,0,0,0,0,0,1,0,2,1,0,1,0,3,0,4311.25,11399,1,1,0,2,0,0,0,0,0,0,0,16.5,0,1,2,1,0,3,1,0,7,2.5,0,2,2,0,5,1
39,1,44.25,0,3.5,13,0,3,0,1,0,0,1,1,0,2,1,3,1,1,0,0,2,0,0,1,1,1,1,0,0,0,1,1,0,2,11317.25,16969.25,0,2,1,1,0,0,0,0,0,0,0,17.75,0,1,2,1,1,3,0,0,17.75,2.75,0,2,2,0,10.25,3
40,1,48.25,0.25,3.5,11,0,1,2,1,0,0,3,1,0,0,2,2,1,1,2,0,0,0,0,0,0,0,0,1,3,0,1,1,1,1,7399,16408.25,0,1,1,0,0,0,0,1,0,1,0.25,16.25,0,1,2,1,1,2,0,1,18.75,3.25,0,0,3,1,6.75,4
41,1,42.75,0.5,3.5,12,0,2,0,2,0,0,1,1,0,2,3,1,2,0,1,1,0,1,0,1,0,0,0,1,1,0,0,3,1,0,6688,16022.75,0,1,0,1,1,0,0,0,0,1,0,17.5,0,2,2,0,4,0,0,0,10.5,3.25,0,1,3,0,6,4
42,0,42.5,0,4,11,0,2,2,0,0,0,1,1,2,0,2,2,0,1,1,0,2,0,0,0,2,0,0,0,2,0,1,0,1,2,13682.25,14554.25,0,2,0,0,1,1,0,0,0,0,0.3333333,13.25,0,0,2,2,2,2,0,0,19,2.75,1,0,3,0,11.5,1
43,1,37.75,0.75,4,9,0,1,1,2,0,0,1,1,0,2,2,2,2,1,0,1,0,1,0,1,0,0,0,0,1,1,1,0,3,0,6380.25,18331,2,1,0,0,0,0,0,1,0,0,0.25,17,0,1,2,1,3,1,0,0,15,2,1,2,1,0,10.5,1
44,0,41.5,0,3.5,12,0,2,0,2,0,0,1,0,1,2,2,2,1,2,1,0,0,0,0,2,0,1,0,0,1,0,2,0,1,1,4637.5,21461.5,0,2,1,0,0,0,1,0,0,0,0.25,16,2,0,1,1,2,1,0,1,12.75,3.75,0,0,4,0,10,1
45,0,34,0,2,17,0,2,1,1,0,0,2,0,0,2,3,1,2,0,2,0,0,0,0,2,0,0,1,0,1,0,0,1,2,1,7717.75,14665.25,1,1,0,1,0,0,0,0,0,1,0.25,14,0,1,1,2,3,0,0,1,12.25,3.25,0,0,3,1,11,3
46,0,33.75,0,2.5,9,0,0,1,3,0,0,2,0,0,2,2,2,0,2,2,0,0,0,0,0,0,0,1,0,3,0,0,1,1,2,8324.25,21643.25,2,1,1,0,0,0,0,0,0,0,0.25,14,0,1,2,1,2,1,1,0,11.25,3.5,0,2,2,0,9,8
47,1,33.5,0.25,3,9,0,2,1,0,1,0,1,0,1,2,2,2,1,1,0,0,2,0,0,1,1,0,1,0,1,0,1,1,2,0,10926.75,12390.25,1,1,0,0,0,1,1,0,0,0,0.25,14.75,2,2,0,0,2,2,0,0,13.25,3.5,0,2,1,1,2.75,1
48,0,45.5,0.25,3.5,11,0,0,1,3,0,0,1,0,2,1,2,2,1,2,1,0,0,0,0,1,0,1,0,0,2,0,1,2,0,1,6304.25,14301,1,1,1,0,0,0,0,1,0,0,0.25,13.5,1,0,1,2,3,1,0,0,17,2,0,2,1,1,9.5,7
49,0,34.75,0.25,4,14,0,2,0,2,0,0,0,0,3,1,2,2,1,3,0,0,0,0,0,0,0,0,0,3,1,0,0,0,3,1,4674.75,9799,0,2,0,1,0,0,1,0,0,0,0.3333333,14.5,1,2,0,1,3,0,1,0,7.75,3.25,0,2,2,0,5.5,2
50,0,30.75,0.25,3,9,0,2,0,2,0,0,0,2,1,1,1,3,2,2,0,0,0,0,0,2,0,0,0,1,1,0,2,0,1,1,3839.75,20595.75,0,3,1,0,0,0,0,0,0,0,0.3333333,11.75,1,0,2,1,2,2,0,0,9.75,2.25,0,1,3,0,8.75,0
51,0,44.25,0.5,3,12,0,0,0,4,0,0,1,1,0,2,2,2,2,1,0,0,1,1,0,0,1,0,0,1,0,1,0,2,1,1,7880.75,14265,1,1,1,0,0,1,0,0,0,0,0.25,14.5,2,1,1,0,2,1,1,0,15,2.75,1,1,2,0,8.75,1
52,0,30.5,0,3,10,0,1,2,1,0,0,0,1,1,2,0,4,1,3,0,0,0,0,0,0,0,1,0,0,2,1,1,0,3,0,4892.25,18559.75,0,2,1,0,1,0,0,0,0,0,0.3333333,14.5,1,1,1,1,2,1,1,0,9.5,1.75,0,0,3,1,5,1
53,0,33.25,0,3,13,0,3,0,1,0,0,0,3,1,0,1,3,1,2,0,1,0,0,0,2,0,1,0,1,0,0,1,0,2,1,6689,16252.5,0,2,0,0,0,0,0,1,0,1,0.25,14.5,0,1,1,2,1,3,0,0,11.75,2.5,0,1,2,1,9.25,2
54,1,34.5,0,2.5,13,0,3,0,0,0,1,0,0,3,1,1,3,2,1,1,0,0,1,0,0,0,1,0,2,0,0,0,3,1,0,5618.5,17736.25,1,2,1,0,0,0,0,0,0,0,0.25,17,1,1,0,2,1,3,0,0,8.75,1.75,0,2,0,2,6.5,1
55,1,33.5,0.25,3,14,0,2,1,1,0,0,0,1,1,2,1,3,2,2,0,0,0,1,0,0,0,0,0,1,1,1,1,0,1,2,4032,16098.5,0,3,0,0,0,1,0,0,0,0,0.25,18.5,1,1,2,0,1,2,1,0,9,2.75,0,2,2,0,6.5,0
56,1,31,0.25,3.5,13,0,2,0,2,0,0,3,0,0,1,1,3,3,0,1,0,0,1,1,1,0,0,0,1,0,0,1,1,1,1,3561,10505.5,2,1,0,0,1,0,0,0,0,0,0,15.75,1,0,3,0,1,1,2,0,5.5,3,0,1,3,0,3.5,1
57,0,40.5,0.25,4,10,0,2,0,0,0,2,1,1,0,2,0,4,2,1,1,0,0,0,0,1,1,1,0,1,0,0,1,1,1,1,5713.75,12018.25,0,0,1,1,0,1,1,0,0,0,0,12.75,0,1,2,1,1,3,0,0,8.25,1.5,1,1,2,0,4.5,3
58,1,31.5,0.25,3.5,9,0,1,0,1,1,1,0,1,3,0,2,2,3,0,1,0,0,0,0,1,0,1,0,2,0,0,1,0,2,1,4988.5,14850.25,0,1,1,1,0,1,0,0,0,0,0,16,0,1,2,1,4,0,0,0,9.25,2.75,0,1,2,1,5,2
59,1,35.75,0,2.5,12,0,3,0,1,0,0,0,0,2,2,1,3,1,1,2,0,0,1,0,0,0,1,0,1,1,0,1,0,2,1,8406,11114,1,0,1,0,0,0,1,0,1,0,0,15,0,2,1,1,2,2,0,0,8.75,2.5,0,0,3,1,4.25,1
60,0,41.75,0,3,15,0,2,0,2,0,0,1,2,0,1,0,4,3,0,1,0,0,0,0,0,0,0,1,2,0,1,0,2,1,1,5482,11711,0,2,1,0,0,1,0,0,0,0,0.25,15,0,2,0,2,0,2,2,0,10.75,3.75,1,2,0,1,7.5,5
61,1,31.75,0.25,3.5,14,0,1,0,2,0,1,1,0,2,1,2,2,1,2,1,0,0,1,0,0,0,2,0,1,0,0,0,2,1,1,5097.75,13835.25,1,1,0,1,1,0,0,0,0,0,0,14,3,0,0,1,2,1,1,0,7,2,1,0,3,0,5.5,4
62,0,42.5,0.25,4.5,14,0,2,0,2,0,0,1,1,0,2,0,4,1,0,0,3,0,2,0,0,0,0,1,1,0,0,0,0,1,3,10943.25,16001.75,0,0,2,1,0,0,0,1,0,0,0.25,13.25,1,0,2,1,2,1,0,1,23.75,2.25,0,1,3,0,15.5,4
63,1,37.5,0,3,13,0,2,1,1,0,0,0,0,3,1,3,1,1,2,1,0,0,0,0,0,0,2,0,1,1,0,0,0,1,3,5436.25,13584.25,1,0,0,1,1,1,0,0,0,0,0.3333333,16,1,1,1,1,4,0,0,0,8.5,2.75,0,1,0,3,2.25,0
64,0,35.5,0.25,3,11,0,2,1,1,0,0,0,1,2,1,2,2,3,1,0,0,0,0,0,0,0,0,0,3,1,0,0,1,2,1,3268.75,11469.25,0,3,0,0,0,0,0,0,0,1,0,13,0,2,1,1,1,2,0,1,6.75,1.75,0,1,2,1,6,4
65,1,36.25,0.25,3,13,0,1,0,2,1,0,0,0,1,3,2,2,2,2,0,0,0,0,0,1,0,0,0,2,1,0,2,0,1,1,3975,14846.75,0,1,1,1,0,0,0,0,1,0,0.25,15.25,1,1,0,2,2,1,1,0,10.25,3,0,1,3,0,5.5,3
66,0,34.25,0.25,4,12,0,0,2,2,0,0,1,0,3,0,2,2,1,3,0,0,0,0,0,1,0,0,0,0,3,0,3,0,1,0,4831.75,8880.25,0,1,2,1,0,0,0,0,0,0,0,13.75,1,1,1,1,1,2,1,0,9,3.25,0,1,3,0,7.5,2
67,0,34.25,0,3.5,15,0,1,0,3,0,0,2,2,0,0,1,3,1,0,3,0,0,0,0,0,0,0,2,1,1,0,1,1,1,1,8872,17145,0,3,0,1,0,0,0,0,0,0,0,16.5,0,0,2,2,3,1,0,0,12.5,3.75,0,0,4,0,7.75,1
68,0,29.25,0,2.5,12,0,1,0,2,0,1,2,1,1,0,0,4,3,1,0,0,0,0,0,3,0,0,0,0,1,0,2,0,1,1,3624,13986,1,1,1,0,1,0,0,0,0,0,0,12.25,0,1,1,2,1,2,0,1,6,4,1,3,0,0,3.25,1
69,1,42.25,0,3.5,14,0,1,0,2,0,1,0,2,2,0,2,2,1,2,0,0,1,0,0,1,1,1,0,0,1,0,0,2,2,0,8181.5,10081,1,1,0,0,0,0,0,1,1,0,0,16.75,0,2,1,1,2,1,0,1,13.75,3.25,0,1,1,2,12.25,5
70,1,38.25,0,2.5,11,0,2,0,2,0,0,3,0,0,1,0,4,1,2,0,1,0,1,1,0,1,0,0,1,0,0,2,1,0,1,8138.25,14378.75,1,0,1,0,0,0,0,1,0,1,0.25,17.75,2,0,1,1,1,3,0,0,12.75,2.25,1,1,1,1,8.25,4
71,1,36.75,0.5,3,9,1,1,1,1,0,0,1,0,1,2,0,4,1,1,0,1,1,0,1,0,0,0,2,0,1,0,1,0,2,1,11098,8017.25,0,3,0,0,1,0,0,0,0,0,0.25,14.5,1,1,2,0,1,3,0,0,11.75,2.25,0,1,3,0,6.75,1
72,1,34.25,0,3,14,0,1,1,2,0,0,1,1,1,1,2,2,1,3,0,0,0,1,0,0,0,1,0,1,0,1,1,0,1,2,5158,11641.5,1,2,1,0,0,0,0,0,0,0,0.25,15.25,0,1,1,2,2,2,0,0,7.25,2.75,0,2,2,0,4,2
73,1,39.25,0.25,3,11,0,3,1,0,0,0,1,1,2,0,3,1,3,0,0,1,0,0,0,0,0,0,0,2,1,1,2,0,0,2,5645.25,8196.25,1,1,0,0,1,0,0,1,0,0,0,18.5,1,2,1,0,1,2,1,0,13.25,3,1,1,2,0,7.5,2
74,1,31.5,0,3.5,11,0,3,0,1,0,0,1,2,1,0,1,3,2,2,0,0,0,0,0,1,0,2,0,1,0,0,1,2,1,0,4447,16813.5,0,2,0,1,0,0,0,0,0,1,0.25,15.75,0,0,3,1,1,3,0,0,7.25,3,0,0,4,0,4.5,0
75,0,37.5,0,2,8,0,0,1,3,0,0,1,0,3,0,2,2,1,2,0,1,0,0,0,1,1,0,0,0,2,0,2,0,0,2,7469.5,14749.75,1,1,0,0,0,0,1,1,0,0,0.3333333,14.75,1,1,1,1,3,0,0,1,13.25,4,0,0,2,2,6.5,3
76,1,35,0.25,3.5,12,0,3,1,0,0,0,0,0,2,2,3,1,2,0,0,1,1,0,0,0,2,0,0,1,0,1,1,0,1,2,10264.75,8004.5,0,1,0,1,0,1,0,1,0,0,0.25,18,0,0,4,0,2,2,0,0,13.25,3,0,0,3,1,6,1
77,0,36,0.25,4,11,1,1,0,0,1,1,2,0,1,1,1,3,3,0,1,0,0,0,1,1,0,0,0,1,1,0,0,2,1,1,4269.25,14294.25,0,3,0,0,0,1,0,0,0,0,0.3333333,12.75,1,0,1,2,2,2,0,0,4.75,1.5,0,0,4,0,3.75,1
78,1,46.75,0,3.5,11,0,2,0,2,0,0,0,1,2,1,0,4,0,2,1,0,1,0,0,1,0,1,1,1,0,0,0,2,2,0,9004.5,19119.75,0,2,1,0,0,0,0,0,1,0,0,14.75,1,0,1,2,2,2,0,0,21,3,0,0,4,0,12.25,5
79,1,32.5,0,3,15,0,1,0,2,1,0,0,0,3,1,1,3,2,1,1,0,0,0,0,1,0,0,0,1,2,0,1,0,2,1,5748.75,7701,1,2,0,0,1,0,0,0,0,0,0.3333333,14.75,0,0,4,0,2,1,1,0,9,2.75,0,1,3,0,7.5,4
80,0,23,0.25,3.5,8,0,2,0,1,1,0,1,0,1,2,1,3,4,0,0,0,0,0,0,2,0,0,0,0,0,2,3,0,1,0,3015,19254.75,0,4,0,0,0,0,0,0,0,0,0.25,12.25,2,0,0,2,2,1,1,0,4.25,4,0,0,4,0,4.25,2
81,0,30.25,0,2.5,10,0,2,0,1,1,0,2,0,0,2,1,3,2,2,0,0,0,0,0,1,0,0,0,1,2,0,1,0,3,0,3598,17227,0,2,0,1,1,0,0,0,0,0,0.25,13.75,1,0,2,1,3,0,1,0,7.25,2.25,0,2,2,0,5.75,2
82,1,37.25,0,3,13,0,2,0,2,0,0,0,0,2,2,1,3,1,1,2,0,0,0,0,0,1,1,0,1,1,0,0,0,2,2,7234.75,19706.25,0,1,1,0,0,1,0,0,0,1,0,16,0,0,4,0,1,3,0,0,11,3.25,0,3,1,0,6.5,3
83,1,38.25,0,3.5,13,0,3,0,1,0,0,1,0,1,2,3,1,2,0,0,2,0,0,0,0,1,1,0,2,0,0,1,2,0,1,9516.25,14140.25,2,0,1,0,0,0,1,0,0,0,0,19.5,0,1,1,2,1,3,0,0,15.5,2.5,0,2,2,0,9.75,3
84,0,35.5,0.25,2,11,0,3,0,1,0,0,0,0,2,2,0,4,4,0,0,0,0,0,0,2,0,0,0,2,0,0,0,1,3,0,3024.5,10097.25,1,1,1,1,0,0,0,0,0,0,0,13.5,1,0,0,3,4,0,0,0,5.25,3.75,0,0,4,0,3,0
85,1,27.5,0,4,6,0,0,0,2,0,2,1,1,2,0,3,1,2,2,0,0,0,0,0,0,0,0,0,2,1,1,0,1,1,2,4748,18243.25,0,4,0,0,0,0,0,0,0,0,0.3333333,14.5,1,1,2,0,3,1,0,0,8.75,2.75,0,1,3,0,8.75,3
86,0,37.25,0,4,12,0,3,0,1,0,0,2,0,2,0,2,2,2,2,0,0,0,1,1,1,0,0,0,1,0,0,0,2,2,0,4360,20626,1,1,0,0,2,0,0,0,0,0,0,12.75,0,2,0,2,1,1,2,0,9,3,0,2,0,2,6,2
87,1,37.5,0.25,4,12,0,2,0,2,0,0,1,1,0,2,0,4,3,0,1,0,0,0,0,3,0,1,0,0,0,0,1,1,1,1,4146.75,15793,0,2,0,1,0,0,1,0,0,0,0.3333333,18.75,0,2,2,0,1,2,1,0,7,3.5,0,0,4,0,2.25,1
88,1,31.5,0.5,3.5,15,0,3,1,0,0,0,1,1,2,0,1,3,1,3,0,0,0,1,0,1,0,1,0,0,1,0,1,0,1,2,5144,11308.25,0,2,0,1,0,1,0,0,0,0,0.3333333,17.75,0,1,2,1,2,1,0,1,10.75,2.25,1,1,2,0,6.75,1
89,0,39.75,0,2.5,15,0,2,0,2,0,0,1,1,2,0,0,4,2,1,1,0,0,1,0,2,0,0,0,0,1,0,1,2,1,0,5362.25,16236.75,0,2,1,0,1,0,0,0,0,0,0.25,14,0,1,1,2,0,4,0,0,7.5,4.5,0,0,4,0,4.75,1
90,0,32.25,0.5,2.5,12,0,3,0,1,0,0,0,0,3,1,1,3,4,0,0,0,0,0,0,2,0,0,0,2,0,0,2,0,1,1,2643.5,12408.75,0,2,0,0,1,0,1,0,0,0,0.25,15.5,0,1,3,0,2,2,0,0,7.5,3.5,1,0,3,0,5.5,1
91,0,30,0.25,3,13,0,2,0,1,0,1,0,2,1,1,1,3,3,1,0,0,0,0,0,0,0,0,0,3,1,0,0,2,2,0,2864.5,12824.5,0,2,1,1,0,0,0,0,0,0,0.3333333,13,1,0,3,0,0,4,0,0,5.5,2.5,0,2,1,1,3.5,2
92,1,30.75,0,3.5,14,0,1,1,2,0,0,1,0,1,2,1,3,1,3,0,0,0,0,0,0,0,1,0,0,2,1,2,0,0,2,4588.75,10368.75,2,0,0,0,1,0,1,0,0,0,0.3333333,15,0,1,1,2,1,1,2,0,8.25,3.25,0,0,3,1,5.75,2
93,1,39.75,0.5,3.5,10,0,0,2,2,0,0,1,2,1,0,2,2,0,1,2,1,0,0,0,0,1,1,0,0,2,0,1,0,2,1,10231,19141.75,1,1,0,0,0,1,1,0,0,0,0.25,17.5,1,1,1,1,2,1,0,1,13.5,2.75,0,2,1,1,8.5,2
94,0,29.25,0.25,4,11,0,2,1,1,0,0,0,0,1,3,4,0,2,2,0,0,0,0,0,0,0,0,0,3,1,0,0,0,2,2,4574,4936.5,0,3,0,0,1,0,0,0,0,0,0.3333333,12,1,0,1,2,4,0,0,0,7.25,3,1,1,2,0,6.75,6
95,0,41.5,0,3.5,11,0,1,1,2,0,0,2,1,1,0,2,2,0,2,2,0,0,2,0,0,0,1,0,0,1,0,0,1,2,1,8399.5,20124,1,1,0,1,0,1,0,0,0,0,0,12.75,0,0,1,3,1,2,1,0,17.75,2.25,0,1,3,0,7.5,1
96,0,41.75,0,3,11,0,0,1,3,0,0,0,1,2,1,4,0,0,2,0,1,1,1,0,0,0,0,1,0,2,0,1,0,1,2,10859.5,14775.75,0,0,0,1,1,1,0,1,0,0,0,14,1,0,2,1,0,2,2,0,18,2.25,0,2,2,0,12,3
97,0,37.75,0,2.5,14,0,1,1,2,0,0,0,1,2,1,3,1,1,3,0,0,0,0,0,1,0,1,0,0,2,0,0,0,2,2,4177.75,15067.5,1,1,0,2,0,0,0,0,0,0,0.25,14.25,0,0,4,0,1,2,1,0,8,4,0,1,3,0,2.75,0
98,0,41.75,0,3,11,0,1,0,1,1,1,1,0,2,1,2,2,2,2,0,0,0,1,0,1,0,0,0,1,1,0,1,0,2,1,4432.75,12935.5,0,2,2,0,0,0,0,0,0,0,0,13.75,0,2,1,1,1,2,1,0,10.25,2.25,0,0,3,1,5.25,2
99,0,40.5,0,2.5,11,0,2,0,2,0,0,2,0,1,1,3,1,0,2,1,1,0,0,0,0,1,0,1,1,1,0,0,1,0,3,9749.25,10730.5,0,1,1,0,0,0,1,1,0,0,0,15.25,2,0,1,1,2,0,2,0,15.75,2,0,0,4,0,10,5
100,0,40.5,0,3,11,0,1,0,2,0,1,2,0,1,1,4,0,2,1,1,0,0,0,0,0,0,1,0,2,1,0,0,0,4,0,5218.75,16618.5,0,3,0,0,0,0,0,0,1,0,0,13.25,0,0,2,2,2,1,1,0,9.5,3,0,2,2,0,6.25,5
101,0,36.5,0,3.5,10,0,0,1,3,0,0,0,1,2,1,1,3,1,2,0,1,0,1,0,0,0,0,0,1,2,0,1,0,1,2,6664.75,13185.75,1,0,0,0,0,1,0,1,0,1,0,13.25,0,2,1,1,3,0,1,0,11.25,2.25,0,0,4,0,7.5,2
102,0,36.25,0.25,3.5,13,0,0,0,4,0,0,0,1,1,2,2,2,2,0,1,0,1,0,0,1,0,1,1,1,0,0,0,2,0,2,8189.25,14700,2,0,0,0,0,1,0,0,1,0,0.3333333,14.5,0,1,1,2,0,3,0,1,11,2.75,1,2,1,0,9.25,1
103,0,41.5,0,3,12,0,1,0,1,1,1,1,1,1,1,2,2,0,1,0,2,1,1,0,0,1,1,1,0,0,0,0,1,1,2,13946,13463.25,0,1,0,1,1,0,0,1,0,0,0.25,13.5,0,2,1,1,2,1,1,0,19.25,2,0,2,2,0,7,1
104,0,45,0.333333333,3,9,0,0,1,1,0,1,0,0,1,2,1,2,0,1,2,0,0,0,0,0,0,2,0,0,1,0,0,2,0,1,8013,10436.66667,0,1,0,1,0,1,0,0,0,0,0.25,17.33333333,2,0,0,1,1,1,1,0,12.66666667,2.666666667,0,0,2,1,8.666666667,4
105,1,41.66666667,0,3.666666667,9,0,2,1,0,0,0,1,0,1,1,3,0,1,2,0,0,0,1,0,0,0,0,0,0,1,1,0,0,0,3,4223.666667,19960.66667,1,1,0,0,1,0,0,0,0,0,0.3333333,17,1,2,0,0,0,3,0,0,7.666666667,1.666666667,0,2,1,0,5,3
106,0,46.66666667,0.333333333,3,11,0,0,1,2,0,0,2,0,0,1,1,2,0,1,1,1,0,1,0,0,0,1,0,0,1,0,0,1,1,1,9991.666667,7160.333333,0,0,0,1,0,0,2,0,0,0,0.25,15.33333333,0,0,1,2,2,1,0,0,18.66666667,3,0,1,2,0,15.33333333,5
107,0,33.33333333,0,3,8,0,2,0,0,0,1,2,1,0,0,0,3,2,1,0,0,0,0,0,0,0,0,0,0,1,2,1,0,1,1,4284.666667,10035.66667,1,0,0,0,2,0,0,0,0,0,0,14.66666667,1,1,1,0,1,2,0,0,11,2.333333333,0,2,1,0,3.666666667,1
108,1,40.66666667,0,3,11,0,1,0,1,0,1,1,1,1,0,1,2,1,1,0,1,0,0,0,1,0,0,0,0,2,0,3,0,0,0,7008,10225,1,0,2,0,0,0,0,0,0,0,0.3333333,16.33333333,0,0,0,3,0,3,0,0,12.66666667,3,1,0,2,0,9.666666667,5
109,0,45,0,3,12,0,2,0,1,0,0,0,1,0,2,2,1,0,0,2,1,0,2,0,0,0,0,1,0,0,0,2,0,0,1,10559.66667,18455.33333,0,0,0,0,1,0,1,1,0,0,0,15.33333333,0,0,3,0,1,1,1,0,19.66666667,3,0,0,3,0,6.333333333,3
110,0,34.66666667,0.333333333,3,9,0,1,2,0,0,0,1,0,1,1,2,1,2,1,0,0,0,0,0,0,0,0,0,1,1,1,0,2,0,1,3416,11763.66667,0,0,0,0,0,0,0,3,0,0,0.25,15.66666667,0,0,1,2,1,2,0,0,6.333333333,2.666666667,0,1,2,0,3.666666667,2
111,0,33.33333333,0.666666667,4.333333333,11,1,0,0,0,1,1,0,2,1,0,2,1,1,0,2,0,0,0,1,0,0,0,1,1,0,0,1,1,0,1,8227,13296.33333,0,1,0,0,0,1,0,0,0,1,0.25,15,0,1,2,0,1,0,0,2,9,1.666666667,0,0,2,1,5,2
112,1,31.33333333,0.333333333,3,7,0,1,1,0,1,0,1,1,0,1,1,2,2,0,1,0,0,1,0,0,0,0,0,1,0,1,0,0,2,1,4900.333333,16673,0,2,0,0,0,0,0,0,1,0,0.25,21.33333333,1,0,1,1,3,0,0,0,9,3,0,1,2,0,2,0
113,0,41.33333333,0,3.666666667,11,0,1,0,1,0,1,1,0,0,2,1,2,1,0,1,1,0,0,0,1,0,0,2,0,0,0,2,0,1,0,10855,16788.33333,0,2,1,0,0,0,0,0,0,0,0.25,13,0,2,1,0,1,1,0,1,14.66666667,2.666666667,0,0,3,0,7.666666667,2
114,1,34.33333333,0.666666667,3,7,0,2,0,1,0,0,1,1,0,1,3,0,2,1,0,0,0,0,0,2,0,0,0,1,0,0,3,0,0,0,4354.666667,13309.66667,0,1,0,1,0,0,0,1,0,0,0,15.33333333,1,0,1,1,2,1,0,0,7,1.333333333,0,0,2,1,3,1
115,1,42,0,3,8,0,1,1,1,0,0,1,1,1,0,1,2,1,2,0,0,0,0,1,0,0,0,0,0,1,1,0,1,1,1,3229.333333,7856.666667,0,1,1,0,1,0,0,0,0,0,0,17,1,1,0,1,0,2,0,1,10.33333333,2.666666667,1,1,1,0,6.333333333,2
116,1,37.33333333,0,3.666666667,9,0,2,0,0,0,1,0,2,0,1,2,1,0,1,1,0,1,0,0,0,2,0,0,1,0,0,0,1,2,0,11836.66667,9871.666667,0,1,0,1,0,0,0,1,0,0,0.25,17.33333333,0,2,1,0,1,2,0,0,16.66666667,3.666666667,0,1,2,0,10.33333333,3
117,0,31,0,3,10,0,0,2,1,0,0,0,1,0,2,0,3,1,2,0,0,0,0,0,1,0,0,0,0,2,0,0,0,0,3,5323.333333,12400,1,1,0,0,1,0,0,0,0,0,0.3333333,12.33333333,1,0,2,0,1,2,0,0,5.666666667,3.333333333,0,1,2,0,4.333333333,2
118,1,35.33333333,0.666666667,2.333333333,11,0,0,0,1,0,2,1,0,2,0,3,0,2,0,1,0,0,0,0,0,0,1,0,2,0,0,0,1,1,1,4871,14136.33333,2,1,0,0,0,0,0,0,0,0,0.3333333,19.33333333,0,2,0,1,2,1,0,0,12.33333333,3.666666667,0,1,1,1,11.66666667,1
119,1,33,0,3.666666667,6,1,2,0,0,0,0,0,0,1,2,0,3,1,2,0,0,0,1,1,0,0,0,0,0,1,0,1,1,0,1,4685.333333,24075.66667,0,0,0,1,1,0,1,0,0,0,0.3333333,17.66666667,1,2,0,0,1,2,0,0,9.666666667,2.666666667,0,0,3,0,5.333333333,5
120,1,40,0.333333333,3.666666667,8,0,2,0,1,0,0,0,2,0,1,2,1,2,0,0,1,0,0,0,2,0,0,1,0,0,0,1,0,1,1,6940,11973.33333,1,1,0,0,1,0,0,0,0,0,0.25,15.66666667,0,2,1,0,3,0,0,0,11.33333333,3.666666667,0,2,1,0,3.666666667,1
121,1,40.33333333,0.333333333,4.333333333,7,0,1,0,2,0,0,0,0,3,0,2,1,2,0,0,1,0,0,0,1,0,1,0,1,0,0,1,1,0,1,6641.333333,15080.33333,1,0,0,2,0,0,0,0,0,0,0.25,16.66666667,0,1,1,1,3,0,0,0,15,2.666666667,0,1,1,1,4.666666667,0
122,0,29.66666667,0,3,8,0,2,1,0,0,0,0,2,1,0,0,3,2,1,0,0,0,0,0,0,0,0,0,1,1,1,0,1,1,1,2583.333333,13272.66667,0,2,0,1,0,0,0,0,0,0,0.3333333,14.33333333,1,1,0,1,2,0,1,0,6,3.333333333,0,0,2,1,4,0
123,0,35.66666667,0.333333333,3,10,0,2,0,0,1,0,0,0,1,2,0,3,1,2,0,0,0,1,0,1,0,0,0,1,0,0,0,0,2,1,4240.333333,9325.666667,1,0,0,1,0,0,0,0,0,1,0.25,14.66666667,1,0,1,1,1,1,1,0,8.666666667,2.666666667,1,0,2,0,6.666666667,3
124,1,37,0,2.333333333,8,0,1,0,2,0,0,0,0,3,0,1,2,0,1,1,1,0,1,0,0,1,1,0,0,0,0,1,0,1,1,11360.66667,11461.33333,0,2,0,1,0,0,0,0,0,0,0.3333333,18,0,1,1,1,1,2,0,0,14,2,0,0,2,1,11.66666667,6
125,1,43,0.333333333,4.333333333,10,0,2,0,1,0,0,2,0,0,1,0,3,1,0,0,0,2,0,0,1,2,0,0,0,0,0,0,2,1,0,13844,14043.33333,0,1,1,0,1,0,0,0,0,0,0.25,15.33333333,1,0,2,0,1,2,0,0,22.66666667,4,1,1,1,0,20.33333333,0
126,0,40,0.333333333,3,7,0,1,1,1,0,0,2,0,0,1,3,0,2,0,0,0,1,0,0,1,1,0,0,1,0,0,0,0,1,2,8646,19252.66667,0,2,0,0,0,0,0,0,1,0,0.25,13,0,2,0,1,1,2,0,0,18,2,0,1,2,0,17,2
127,0,41.66666667,0,3,9,0,0,0,0,2,1,0,1,1,1,1,2,1,1,0,0,1,0,0,0,1,0,0,2,0,0,0,0,1,2,8826.666667,13324.66667,1,1,0,0,0,0,0,0,1,0,0.25,12.66666667,0,1,2,0,1,1,0,1,14,2.333333333,0,0,3,0,12,2
128,1,40,0,3,7,0,2,0,1,0,0,1,1,1,0,1,2,2,1,0,0,0,0,0,1,0,0,0,1,0,1,0,1,2,0,2586.333333,11444.66667,0,0,0,1,1,0,1,0,0,0,0.3333333,17,2,0,1,0,2,1,0,0,7.666666667,2.666666667,0,0,3,0,4,0
129,1,38,0,3.666666667,14,0,1,0,2,0,0,1,0,2,0,2,1,1,0,0,2,0,0,0,0,1,0,1,1,0,0,0,0,1,2,11432.33333,14318.66667,0,1,1,0,1,0,0,0,0,0,0,19,0,1,2,0,0,3,0,0,11.66666667,2.333333333,0,1,2,0,3.333333333,2
130,0,36,0.666666667,3,12,0,2,0,0,0,1,1,0,0,2,1,2,3,0,0,0,0,0,1,1,0,0,0,1,0,0,1,0,2,0,2509.333333,11106.33333,0,1,0,2,0,0,0,0,0,0,0.25,13.66666667,0,1,1,1,2,1,0,0,10.33333333,2,1,0,2,0,4.666666667,2
131,0,35,0.333333333,3.666666667,9,0,2,0,1,0,0,0,0,2,1,1,2,1,2,0,0,0,0,0,0,0,1,0,1,1,0,0,1,2,0,5952.333333,13461.33333,0,1,1,0,0,0,0,0,0,1,0.3333333,13,1,1,1,0,1,2,0,0,12,3.333333333,0,0,3,0,4.666666667,1
132,0,36.66666667,0.333333333,3,7,0,3,0,0,0,0,0,1,2,0,1,2,1,2,0,0,0,0,0,1,0,2,0,0,0,0,0,0,2,1,4657.333333,16103,0,1,0,2,0,0,0,0,0,0,0.25,14,2,0,1,0,2,0,0,1,6.333333333,2,0,1,2,0,2.333333333,1
133,1,45.66666667,0,3,8,0,0,0,3,0,0,0,0,0,3,0,3,0,0,1,2,0,0,0,0,1,1,1,0,0,0,2,1,0,0,13889.66667,13704.33333,1,1,0,0,1,0,0,0,0,0,0.25,16.66666667,0,1,0,2,1,2,0,0,22.66666667,3.333333333,0,2,1,0,13.66666667,9
134,0,42.66666667,0.333333333,3.666666667,11,0,3,0,0,0,0,1,0,0,2,0,3,1,0,0,1,1,0,0,0,1,0,1,1,0,0,2,0,1,0,13472.33333,2815,0,3,0,0,0,0,0,0,0,0,0.3333333,14.33333333,1,1,1,0,2,1,0,0,22.66666667,4.333333333,1,0,2,0,22.33333333,10
135,1,30,0.333333333,4.333333333,8,1,0,1,1,0,0,1,0,1,1,1,2,1,2,0,0,0,1,1,0,0,0,0,0,1,0,1,1,0,1,4598.333333,14305,1,1,0,0,0,0,1,0,0,0,0,17,0,0,2,1,1,1,1,0,8.666666667,2.666666667,0,1,1,1,7.333333333,4
136,0,44.33333333,0,3,10,0,0,1,0,1,1,0,0,2,1,2,1,0,2,1,0,0,1,0,0,0,0,0,1,1,0,1,1,1,0,6390.666667,9663,0,0,2,1,0,0,0,0,0,0,0.3333333,12.66666667,0,0,0,3,2,1,0,0,18,3,0,0,2,1,7,6
137,1,36,0,3,12,0,2,0,0,1,0,1,0,2,0,1,2,1,2,0,0,0,1,0,0,0,0,0,1,1,0,0,0,0,3,4893.333333,12803.66667,1,1,0,1,0,0,0,0,0,0,0,17.33333333,0,2,0,1,2,1,0,0,9,3.333333333,1,0,2,0,4.333333333,1
138,0,33,0.333333333,3.666666667,10,0,1,1,1,0,0,2,0,1,0,1,2,1,0,2,0,0,0,0,1,0,0,0,0,2,0,0,1,2,0,7257,10974.33333,1,1,1,0,0,0,0,0,0,0,0,13,1,0,1,1,1,1,1,0,10.66666667,3.666666667,0,1,1,1,9.666666667,3
139,0,38,0.666666667,3.666666667,6,0,2,1,0,0,0,1,1,1,0,2,1,1,2,0,0,0,0,0,1,0,1,0,0,1,0,0,1,0,2,5925.333333,18800.33333,1,2,0,0,0,0,0,0,0,0,0.3333333,14,0,0,1,2,2,0,1,0,6.333333333,3.666666667,0,2,1,0,6,1
140,0,32.33333333,0.333333333,3,7,0,3,0,0,0,0,0,0,0,3,2,1,2,1,0,0,0,0,1,1,0,0,0,0,1,0,1,1,1,0,3370.333333,10523.66667,0,2,0,0,0,0,1,0,0,0,0,12,2,0,1,0,2,1,0,0,5.333333333,3,1,0,1,1,4.333333333,1
141,1,36.33333333,0.333333333,4.333333333,9,0,2,0,1,0,0,2,1,0,0,1,2,0,2,1,0,0,1,0,0,0,1,0,0,1,0,1,0,1,1,7753.666667,20755.33333,0,0,1,1,0,0,1,0,0,0,0,15.33333333,1,0,1,1,2,0,0,1,11.66666667,2,0,1,2,0,6.666666667,1
142,0,38.33333333,0.666666667,3,8,0,1,0,0,1,1,0,0,2,1,0,3,3,0,0,0,0,0,0,2,0,0,0,1,0,0,0,0,3,0,1936,11627.66667,0,1,0,0,0,0,1,0,0,1,0.3333333,16.33333333,0,1,1,1,1,1,1,0,4.666666667,3.333333333,0,0,3,0,0.666666667,0
143,0,36.66666667,0,3,10,0,1,2,0,0,0,0,0,2,1,2,1,1,2,0,0,0,0,0,1,0,0,0,0,1,1,0,0,1,2,4783,17948,1,1,1,0,0,0,0,0,0,0,0.3333333,12.66666667,1,1,0,1,2,1,0,0,8.333333333,2.333333333,0,1,2,0,4,2
144,1,30.66666667,0.666666667,3,9,0,1,1,1,0,0,2,0,0,1,1,2,2,1,0,0,0,0,0,1,0,0,0,1,1,0,1,0,0,2,4572.666667,17796.33333,0,0,0,0,1,1,0,1,0,0,0,15,1,0,0,2,2,0,0,1,10.33333333,3.333333333,0,1,1,1,6.333333333,3
145,1,35,0,3.666666667,4,0,0,0,2,1,0,0,2,1,0,0,3,2,0,1,0,0,0,0,2,0,0,1,0,0,0,1,0,2,0,6488,6932,0,1,0,0,1,0,0,1,0,0,0.25,17,0,1,1,1,1,1,0,1,7.666666667,3,0,0,2,1,4,2
146,1,47.66666667,0.333333333,3,8,0,3,0,0,0,0,0,1,1,1,0,3,0,1,0,0,2,0,0,0,0,0,2,0,1,0,0,1,1,1,14631,22972.66667,0,1,0,1,0,0,0,1,0,0,0.3333333,17,0,1,1,1,2,1,0,0,28.33333333,2.333333333,0,0,3,0,19.66666667,8
147,1,43,0,2.333333333,9,0,0,1,1,1,0,0,1,1,1,1,2,0,2,0,1,0,1,0,0,0,1,0,0,1,0,2,1,0,0,9662.666667,12899,1,1,0,0,0,1,0,0,0,0,0.25,17,0,0,2,1,0,3,0,0,16.66666667,2,0,2,1,0,14.33333333,4
148,1,39.33333333,0,3,9,0,2,0,1,0,0,0,1,0,2,1,2,2,0,1,0,0,0,0,1,0,0,0,1,1,0,0,1,0,2,4813.666667,21438,0,1,0,1,0,0,1,0,0,0,0.25,18,1,0,1,1,2,1,0,0,13.33333333,2.666666667,1,0,2,0,9.666666667,5
149,0,42.66666667,0,3,11,0,0,1,2,0,0,0,1,0,2,1,2,0,3,0,0,0,0,0,0,0,0,0,2,1,0,1,1,0,1,5826.333333,14489,1,0,0,0,1,0,0,1,0,0,0.3333333,13.66666667,0,1,1,1,1,1,1,0,11,3,0,2,0,1,7.333333333,6
150,0,30,0,3.666666667,8,0,0,0,1,1,1,0,0,1,2,1,2,0,3,0,0,0,2,0,0,0,0,0,0,1,0,1,0,1,1,5037.333333,15688,1,2,0,0,0,0,0,0,0,0,0.25,14.33333333,0,1,1,1,1,1,1,0,7.666666667,2.666666667,1,1,1,0,7.333333333,5
151,0,46.66666667,0,2.333333333,11,0,2,0,1,0,0,0,1,1,1,2,1,0,2,0,1,0,0,0,1,0,1,0,0,1,0,0,1,0,2,7575.666667,16002,0,0,0,1,1,0,0,0,1,0,0,15.33333333,1,1,1,0,2,1,0,0,19,4,1,0,2,0,7.666666667,1
152,0,37.33333333,0,3.666666667,8,0,2,0,1,0,0,0,1,0,2,2,1,0,2,1,0,0,0,0,2,0,1,0,0,0,0,0,1,1,1,5505.333333,15791.33333,1,1,0,0,0,1,0,0,0,0,0.25,11.33333333,0,0,1,2,3,0,0,0,10.33333333,3.333333333,0,0,3,0,8.333333333,6
153,1,35.66666667,0.666666667,3.666666667,7,0,1,0,2,0,0,0,1,0,2,1,2,3,0,0,0,0,0,0,1,0,0,0,2,0,0,0,0,1,2,3150.666667,21929,2,0,0,0,0,0,1,0,0,0,0.25,16.66666667,1,0,1,1,1,2,0,0,4.666666667,1.333333333,1,2,0,0,2.333333333,1
154,1,33.66666667,0,3,9,0,2,0,1,0,0,0,0,2,1,1,2,0,1,2,0,0,1,0,1,0,1,0,0,0,0,1,1,1,0,8654.333333,6851.333333,0,2,0,0,0,0,0,0,0,1,0.25,15.66666667,0,0,3,0,1,1,1,0,11.33333333,3,0,3,0,0,10,5
155,1,41.33333333,0,3,6,0,0,0,2,0,1,0,0,1,2,2,1,0,3,0,0,0,0,0,0,0,1,0,0,2,0,1,0,1,1,6295.666667,12658.66667,0,0,0,0,1,0,0,2,0,0,0.3333333,16.33333333,1,1,0,1,2,0,1,0,12,3.333333333,0,0,1,2,7.333333333,3
156,1,37.33333333,0,2.333333333,6,0,1,0,2,0,0,0,0,1,2,2,1,0,2,0,0,1,0,0,1,1,1,0,0,0,0,1,0,1,1,9532.333333,20829.66667,0,1,1,0,1,0,0,0,0,0,0.3333333,17.66666667,1,1,1,0,1,1,1,0,12,4,0,1,2,0,4.333333333,3
157,0,34.33333333,0,3.666666667,10,0,2,1,0,0,0,0,0,1,2,1,2,2,1,0,0,0,0,0,1,0,0,0,0,1,1,1,1,1,0,3624,10241.66667,0,1,0,0,1,0,0,0,1,0,0.25,14.33333333,0,0,2,1,1,1,0,1,6,3.666666667,0,1,2,0,2,0
158,0,42,0,1.666666667,11,0,2,0,0,0,1,0,0,1,2,0,3,1,2,0,0,0,1,0,0,0,0,0,2,0,0,1,0,0,2,4477.333333,19602.33333,0,0,0,2,0,0,0,0,0,1,0,14.33333333,0,1,0,2,0,1,1,1,9.666666667,3.333333333,1,0,2,0,4.333333333,0
159,1,40.33333333,0.333333333,3.666666667,11,0,0,1,0,0,2,1,0,0,2,1,2,0,1,2,0,0,0,0,0,0,0,1,0,2,0,1,0,1,1,9259.666667,20136.33333,1,0,0,0,0,0,0,0,1,1,0,15.66666667,2,0,1,0,2,1,0,0,9.666666667,3,1,0,1,1,4,0
160,1,37.66666667,0,3,5,0,1,1,1,0,0,1,1,1,0,0,3,1,2,0,0,0,0,0,0,0,1,0,1,1,0,1,1,0,1,5382,13628.33333,0,2,0,1,0,0,0,0,0,0,0,19,0,1,0,2,2,1,0,0,10,2.666666667,0,1,2,0,6.666666667,2
161,0,36.33333333,0,2.333333333,10,0,0,1,1,0,1,0,0,1,2,3,0,1,2,0,0,0,1,0,1,0,0,0,0,1,0,1,1,0,1,4809,8289,1,1,0,0,0,0,0,0,1,0,0.3333333,12.33333333,0,0,1,2,2,1,0,0,12.33333333,2.666666667,0,1,1,1,11.33333333,9
162,0,42.66666667,0.333333333,3,8,0,2,0,1,0,0,0,0,1,2,3,0,1,0,0,2,0,0,0,0,2,0,0,0,0,1,0,1,1,1,11342.33333,18487.33333,0,1,2,0,0,0,0,0,0,0,0.25,14,0,0,1,2,2,0,0,1,17.66666667,1.333333333,1,0,2,0,3.666666667,1
163,1,46.66666667,0.333333333,3.666666667,9,0,1,1,1,0,0,2,0,1,0,1,2,0,2,0,0,1,0,0,1,0,0,1,0,1,0,2,1,0,0,10866.66667,21092.66667,0,0,0,2,0,0,0,0,1,0,0.25,16,1,1,0,1,2,0,0,1,23,2.333333333,0,0,3,0,3.333333333,1
164,0,37.66666667,0.333333333,2.333333333,7,0,1,0,2,0,0,0,1,2,0,1,2,1,1,1,0,0,1,1,1,0,0,0,0,0,0,1,1,0,1,6005,7377.333333,0,1,0,0,0,1,0,0,0,1,0.25,13.66666667,0,0,1,2,0,3,0,0,16.33333333,2.333333333,0,0,2,1,9.666666667,1
165,1,30.66666667,0.666666667,2.333333333,9,0,0,0,1,1,1,1,0,1,1,0,3,1,1,1,0,0,0,0,1,0,0,0,0,2,0,2,0,1,0,6211.666667,11270,0,1,0,1,0,0,1,0,0,0,0,17.33333333,0,0,3,0,1,2,0,0,9,1.333333333,0,2,1,0,2,1
166,1,39.33333333,0.333333333,3.666666667,10,0,3,0,0,0,0,1,0,1,1,2,1,2,1,0,0,0,0,0,0,0,0,0,3,0,0,1,0,2,0,3285.333333,13024,0,0,1,1,0,0,0,0,1,0,0.25,17,2,0,0,1,2,0,0,1,11.66666667,2,0,0,3,0,7.333333333,2
167,0,28,0.333333333,1.666666667,9,0,2,0,1,0,0,1,0,2,0,1,2,1,2,0,0,0,0,0,1,0,1,0,0,0,1,1,0,1,1,5139.666667,11985,2,0,0,1,0,0,0,0,0,0,0,11.66666667,2,0,0,1,1,1,0,1,7.333333333,3.333333333,0,0,3,0,5.666666667,3
168,0,31.66666667,0.333333333,3,8,0,0,1,2,0,0,0,2,0,1,2,1,2,1,0,0,0,0,0,0,0,0,0,2,1,0,1,1,1,0,3712,16270.33333,0,2,0,1,0,0,0,0,0,0,0,15.66666667,2,0,1,0,2,1,0,0,7.333333333,3,0,0,3,0,6,1
169,0,42,0,3.666666667,8,0,2,0,0,0,1,0,1,1,1,2,1,1,0,1,0,1,0,0,1,1,1,0,0,0,0,3,0,0,0,10954,12596.33333,1,0,0,0,1,0,0,0,1,0,0,12.66666667,0,1,1,1,1,2,0,0,17.33333333,2,0,0,2,1,6,5
170,0,35.66666667,0,3.666666667,8,0,1,0,1,1,0,0,1,0,2,1,2,0,2,0,0,1,0,0,1,1,0,0,0,1,0,0,0,1,2,9726,10087,0,2,0,0,1,0,0,0,0,0,0.3333333,12,2,0,1,0,0,2,1,0,15.33333333,2,0,2,0,1,7.333333333,2
171,1,47.33333333,0.333333333,3,10,0,2,0,0,0,1,0,1,0,2,1,2,3,0,0,0,0,0,0,0,0,0,0,2,0,1,1,0,1,1,3112.333333,20780.33333,0,2,0,0,1,0,0,0,0,0,0.3333333,18,3,0,0,0,2,1,0,0,6,3.333333333,0,2,1,0,4,1
172,0,31.66666667,0,1.666666667,10,0,0,0,2,0,1,0,1,0,2,0,3,2,0,1,0,0,0,0,0,0,0,0,2,1,0,1,0,0,2,4708.333333,14392.33333,0,3,0,0,0,0,0,0,0,0,0.3333333,13,0,0,1,2,2,0,0,1,4.666666667,4.333333333,0,2,1,0,4.666666667,0
173,0,43,0,3,10,0,2,1,0,0,0,0,1,1,1,2,1,0,2,0,1,0,0,0,0,1,0,0,0,2,0,3,0,0,0,8906.666667,13894.33333,0,1,0,0,1,0,0,1,0,0,0.25,14,1,1,1,0,0,2,0,1,14,2.333333333,0,0,3,0,8.333333333,2
174,1,41.33333333,0,3.666666667,8,0,3,0,0,0,0,2,0,0,1,1,2,1,2,0,0,0,1,0,1,0,0,0,0,1,0,0,1,2,0,4859,18988.66667,0,1,0,0,0,0,0,1,1,0,0.25,15,0,1,0,2,3,0,0,0,11.66666667,3.333333333,0,1,1,1,4,3
175,0,39.66666667,0,3,7,0,1,0,1,0,1,1,1,0,1,2,1,1,0,1,1,0,0,0,0,0,1,1,1,0,0,1,1,1,0,9643.333333,9122,0,2,0,0,0,0,0,0,0,1,0,12.66666667,0,1,1,1,3,0,0,0,12.66666667,1.666666667,0,0,3,0,12,7
176,0,33,0.333333333,3.666666667,14,1,1,0,1,0,0,1,0,0,2,0,3,2,1,0,0,0,1,1,0,0,0,0,1,0,0,1,0,1,1,4758,19171.33333,2,0,1,0,0,0,0,0,0,0,0.3333333,16,1,0,2,0,3,0,0,0,7.333333333,4,0,0,2,1,2,0
177,0,39.66666667,0,2.333333333,7,0,1,1,1,0,0,0,1,2,0,0,3,0,2,1,0,0,1,0,0,0,0,0,0,2,0,0,1,1,1,6386.666667,4055.333333,1,1,0,0,0,0,0,1,0,0,0.25,13.66666667,1,1,0,1,0,2,1,0,10.33333333,2.333333333,1,1,1,0,9,1
178,0,27.66666667,0.333333333,3,8,0,2,0,0,1,0,1,0,2,0,0,3,2,1,0,0,0,0,0,2,0,1,0,0,0,0,1,0,2,0,3177.333333,20720.66667,2,1,0,0,0,0,0,0,0,0,0.25,12,1,0,1,1,3,0,0,0,5.666666667,3.333333333,0,0,3,0,5,0
179,0,43,0,3,12,0,0,1,2,0,0,1,1,1,0,2,1,1,1,0,0,1,0,0,0,1,1,0,1,0,0,2,0,0,1,9495.333333,16810.66667,0,2,0,1,0,0,0,0,0,0,0.3333333,13,0,0,2,1,3,0,0,0,13,2.666666667,1,2,0,0,6,1
180,0,31.33333333,0.333333333,3,11,0,2,0,1,0,0,1,1,1,0,1,2,2,1,0,0,0,0,0,1,0,1,0,1,0,0,0,0,3,0,3017.666667,8671,1,0,1,0,0,1,0,0,0,0,0.3333333,12.66666667,1,1,0,1,2,0,1,0,6,4,0,1,2,0,4,4
181,1,41.33333333,0,3.666666667,6,0,2,0,1,0,0,0,1,2,0,0,3,0,1,2,0,0,1,0,0,0,1,0,0,1,0,0,1,0,2,10509.66667,18051.33333,0,1,0,1,0,0,1,0,0,0,0.25,19.33333333,1,0,1,1,1,2,0,0,13.33333333,3.333333333,0,0,0,3,6.333333333,1
182,0,33.33333333,0.333333333,3.666666667,10,0,1,1,1,0,0,2,0,1,0,2,1,2,1,0,0,0,0,0,0,0,0,0,2,1,0,1,0,1,1,3572.666667,8779.666667,0,1,1,0,0,0,0,0,1,0,0,15,1,1,1,0,2,1,0,0,6,2.666666667,0,1,1,1,4,3
183,1,39,0,3,7,0,1,0,2,0,0,1,2,0,0,0,3,0,2,1,0,0,2,1,0,0,0,0,0,0,0,1,1,1,0,6064,10707.33333,1,1,0,0,0,0,0,0,1,0,0.25,19.33333333,0,1,1,1,1,2,0,0,11.66666667,1.666666667,0,0,3,0,7.333333333,4
184,0,41.33333333,0,3.666666667,10,0,2,1,0,0,0,1,1,1,0,0,3,1,1,0,1,0,0,0,1,1,0,0,0,1,0,0,1,0,2,7038,8655,0,1,0,1,0,0,0,0,1,0,0.3333333,14.66666667,0,1,2,0,1,1,1,0,16.66666667,3.666666667,0,2,1,0,13.66666667,1
185,0,28.33333333,0.333333333,3.666666667,7,0,0,0,2,0,1,1,1,0,1,2,1,2,1,0,0,0,0,1,0,0,0,0,1,1,0,0,2,1,0,4028.666667,18469.66667,0,1,0,0,0,1,0,1,0,0,0.25,13,2,0,0,1,3,0,0,0,4.333333333,2.333333333,1,0,2,0,3,1
186,0,43.66666667,0,3,9,0,2,1,0,0,0,0,1,1,1,3,0,2,0,0,0,1,0,0,2,1,0,0,0,0,0,1,1,0,1,8346,18016.66667,0,1,1,1,0,0,0,0,0,0,0.25,13.33333333,0,1,1,1,1,2,0,0,13.66666667,2.666666667,0,1,2,0,7,1
187,1,29.33333333,0.333333333,3,5,0,0,1,2,0,0,2,0,1,0,1,2,2,0,0,1,0,0,0,0,1,0,0,1,0,1,0,0,3,0,7427.333333,16597.66667,1,1,0,1,0,0,0,0,0,0,0,15,0,0,0,3,2,1,0,0,9.333333333,3,0,1,2,0,5.333333333,2
188,1,39.66666667,0,3,8,0,2,0,0,0,1,0,1,1,1,0,3,1,1,1,0,0,1,1,0,0,0,0,0,1,0,0,2,1,0,5997.333333,18339,2,0,0,0,0,0,0,1,0,0,0.25,17.33333333,0,0,2,1,1,2,0,0,8.666666667,4.333333333,0,0,3,0,4.666666667,3
189,0,34.33333333,0,3.666666667,9,2,0,0,1,0,0,0,0,3,0,1,2,1,2,0,0,0,0,2,1,0,0,0,0,0,0,0,1,1,1,3668.333333,16997.33333,0,0,0,1,1,0,0,0,1,0,0.3333333,13.33333333,0,0,3,0,2,1,0,0,10.33333333,2.333333333,0,0,2,1,5,2
190,1,41.66666667,0,3,6,0,1,1,0,0,1,0,0,1,2,2,1,0,2,1,0,0,0,0,2,0,0,0,0,1,0,1,0,2,0,5257.333333,22672,1,0,0,0,1,0,0,0,1,0,0.3333333,15.33333333,0,1,0,2,1,2,0,0,13.66666667,3.666666667,0,0,2,1,11,5
191,0,32.33333333,0.333333333,3.666666667,8,0,1,0,2,0,0,1,1,0,1,1,2,1,1,1,0,0,0,0,0,0,0,1,1,1,0,0,0,3,0,7143.333333,11503,0,1,0,0,1,0,0,0,0,1,0,13.66666667,2,1,0,0,1,1,0,1,8.666666667,2.666666667,0,1,2,0,2.666666667,1
192,0,38.33333333,0,3.666666667,11,0,2,1,0,0,0,1,1,1,0,1,2,0,1,1,1,0,0,0,0,1,0,0,0,2,0,1,2,0,0,10191.66667,17855,1,0,1,0,0,0,1,0,0,0,0.25,13.33333333,0,1,1,1,1,1,0,1,15,3,0,1,2,0,2.666666667,1
193,0,27,0,3,10,0,0,0,1,1,1,0,1,1,1,3,0,2,1,0,0,0,1,0,0,0,0,0,2,0,0,1,1,1,0,3402,12864.66667,0,2,0,0,0,1,0,0,0,0,0.25,14.33333333,1,0,1,1,1,2,0,0,4.666666667,3,1,0,2,0,3,0
194,0,38,0.333333333,2.333333333,7,0,1,0,1,1,0,1,0,1,1,1,2,1,2,0,0,0,0,0,0,0,0,0,1,1,1,0,2,1,0,3723,18165,0,2,0,1,0,0,0,0,0,0,0,12.33333333,1,1,1,0,2,0,1,0,9.666666667,4.333333333,0,1,1,1,8,1
195,1,45.33333333,0,2.333333333,6,0,2,0,1,0,0,0,1,2,0,2,1,0,2,1,0,0,1,0,1,0,0,0,0,1,0,0,0,2,1,6377.333333,10564.33333,0,0,0,1,1,0,1,0,0,0,0.25,18.66666667,0,1,1,1,0,3,0,0,21,2.666666667,0,2,1,0,10.33333333,1
196,1,40.66666667,0,3,4,0,2,0,1,0,0,0,0,2,1,2,1,1,0,1,0,1,0,0,1,1,1,0,0,0,0,0,0,3,0,10278.33333,19145.66667,0,2,0,1,0,0,0,0,0,0,0.25,17,1,1,1,0,1,2,0,0,15.33333333,3.666666667,0,0,3,0,8.666666667,7
197,0,34.33333333,0.333333333,3,6,0,3,0,0,0,0,1,0,2,0,1,2,0,1,2,0,0,0,0,0,0,1,0,0,2,0,2,0,0,1,7353.333333,10340.66667,0,3,0,0,0,0,0,0,0,0,0,12.66666667,1,1,1,0,1,2,0,0,10,2.666666667,0,0,3,0,10,4
198,0,38.66666667,0.333333333,2.333333333,9,0,1,1,1,0,0,1,2,0,0,0,3,1,2,0,0,0,0,0,0,0,1,0,1,0,1,1,0,1,1,6421.666667,8988.333333,1,2,0,0,0,0,0,0,0,0,0.25,15.33333333,0,2,1,0,3,0,0,0,10,2.333333333,0,0,3,0,9.666666667,3
199,0,38,0,3,11,0,0,0,2,0,1,0,1,1,1,0,3,1,1,0,1,0,0,0,0,0,0,1,1,1,0,1,0,0,2,9338.666667,15327,2,0,1,0,0,0,0,0,0,0,0,14.33333333,0,0,1,2,1,1,1,0,14.33333333,4,0,0,2,1,5.666666667,5
200,1,31.33333333,0.333333333,3.666666667,12,0,2,0,1,0,0,1,0,1,1,3,0,1,1,1,0,0,0,0,0,0,1,0,1,1,0,0,2,0,1,6076,13563.66667,0,2,0,0,1,0,0,0,0,0,0.3333333,17,1,0,1,1,3,0,0,0,8,2.333333333,0,1,1,1,6.666666667,2
201,1,38,0,4.333333333,7,0,0,0,3,0,0,1,1,0,1,1,2,1,0,0,0,2,0,0,0,1,0,1,0,0,1,0,2,1,0,12844,13384.66667,0,1,1,1,0,0,0,0,0,0,0.3333333,20.33333333,0,2,1,0,2,1,0,0,14.66666667,3.666666667,0,0,2,1,6.333333333,0
202,0,35,0.333333333,3.666666667,11,0,2,1,0,0,0,0,1,0,2,3,0,1,2,0,0,0,0,0,0,0,0,0,2,1,0,0,2,0,1,4702.333333,16771,0,2,0,0,1,0,0,0,0,0,0,14.66666667,2,0,1,0,0,3,0,0,9.666666667,2.333333333,0,2,1,0,9,6
203,0,32,0,3,9,0,2,0,1,0,0,0,1,1,1,2,1,1,2,0,0,0,0,0,1,0,1,0,0,1,0,1,0,2,0,5120,14934,0,2,0,1,0,0,0,0,0,0,0,14,0,0,2,1,0,2,0,1,9.333333333,3,0,0,2,1,8,3
204,1,37.66666667,0,4.333333333,9,0,0,2,1,0,0,0,0,3,0,3,0,1,1,0,1,0,0,0,0,0,0,0,1,2,0,0,2,1,0,6667,21452.66667,0,1,0,0,0,2,0,0,0,0,0.25,18.33333333,0,0,2,1,0,3,0,0,12.66666667,2.333333333,0,0,2,1,8.666666667,1
205,0,39.33333333,0,3.666666667,7,0,2,0,1,0,0,1,1,0,1,1,2,1,1,1,0,0,0,0,1,0,1,0,0,1,0,1,0,2,0,6249.666667,14087,2,0,0,0,0,0,0,1,0,0,0,13.66666667,1,0,1,1,1,2,0,0,16,3,1,0,1,1,6,5
206,0,37.33333333,0,2.333333333,11,0,0,0,2,0,1,1,1,0,1,0,3,2,1,0,0,0,0,0,2,0,0,0,0,1,0,1,0,1,1,4168.333333,12922.33333,1,0,1,0,1,0,0,0,0,0,0,14,0,1,1,1,1,1,1,0,12.66666667,2.666666667,0,0,2,1,10,5
207,0,33.33333333,0.333333333,2.333333333,9,0,1,0,2,0,0,0,1,1,1,2,1,1,1,0,1,0,1,0,1,0,0,0,0,1,0,1,1,1,0,7667,19857.33333,0,1,0,0,1,0,0,0,0,1,0,15,0,0,1,2,2,1,0,0,12.33333333,2,0,2,1,0,4,1
208,1,30,0.333333333,3,8,0,1,0,2,0,0,2,0,0,1,1,2,3,0,0,0,0,0,0,2,0,0,0,1,0,0,2,1,0,0,2928.333333,13033,1,1,0,0,0,0,1,0,0,0,0.3333333,16.33333333,1,0,2,0,1,1,1,0,5,4,0,0,3,0,3.333333333,0
209,1,35,0,3,10,0,2,0,0,1,0,0,0,1,2,1,2,1,1,1,0,0,0,0,2,0,1,0,0,0,0,1,0,1,1,6127.666667,15349.33333,0,2,0,1,0,0,0,0,0,0,0.25,16.33333333,0,0,2,1,0,3,0,0,12.66666667,2.333333333,0,2,1,0,11.66666667,7
210,0,31.33333333,0.333333333,3,8,0,2,1,0,0,0,1,0,1,1,2,1,1,2,0,0,0,0,0,1,0,0,0,0,2,0,0,0,1,2,6006.666667,17884.66667,0,2,0,1,0,0,0,0,0,0,0.3333333,13.33333333,1,0,0,2,1,1,1,0,5.666666667,2.333333333,0,1,2,0,4.333333333,1
211,0,37.33333333,0,5,7,0,0,0,2,1,0,0,0,2,1,1,2,2,0,0,1,0,0,0,1,1,0,0,1,0,0,0,0,1,2,7467.333333,7222,2,0,0,1,0,0,0,0,0,0,0.25,15.33333333,1,2,0,0,0,3,0,0,11.66666667,2,0,1,2,0,10.33333333,2
212,1,34,0.333333333,3,7,0,3,0,0,0,0,0,0,1,2,1,2,1,1,1,0,0,1,0,0,0,0,0,2,0,0,0,2,1,0,6449.666667,21320.33333,0,1,0,1,0,0,0,1,0,0,0.3333333,16.33333333,2,1,0,0,2,1,0,0,13.33333333,2.333333333,0,0,3,0,7.666666667,1
213,0,33.33333333,0.333333333,3,11,0,1,0,2,0,0,0,0,1,2,0,3,3,0,0,0,0,0,0,1,0,0,0,2,0,0,0,0,1,2,2400,8597,1,0,0,0,1,0,1,0,0,0,0.3333333,12.33333333,0,2,0,1,0,2,0,1,6,3.333333333,0,0,2,1,4.333333333,0
214,1,35,0.333333333,3.666666667,8,0,3,0,0,0,0,0,0,2,1,1,2,3,0,0,0,0,0,0,1,0,0,0,1,0,1,0,1,1,1,3144,21194.33333,0,1,1,1,0,0,0,0,0,0,0,17.33333333,2,0,0,1,1,2,0,0,10.33333333,2,1,0,2,0,3.666666667,1
215,1,31.66666667,0,3.666666667,7,0,1,1,0,0,1,0,1,0,2,1,2,0,2,1,0,0,0,0,0,0,1,0,0,2,0,0,0,1,2,6733.333333,12241.33333,1,0,1,0,1,0,0,0,0,0,0.3333333,15.66666667,0,0,1,2,2,0,1,0,9.666666667,2.666666667,0,1,1,1,6.666666667,5
216,0,37.66666667,0,3.666666667,8,0,1,0,2,0,0,1,1,1,0,0,3,1,2,0,0,0,0,0,0,0,1,0,1,1,0,0,0,2,1,4588,17600.33333,0,1,2,0,0,0,0,0,0,0,0.3333333,17.66666667,0,0,1,2,2,1,0,0,6.333333333,3.666666667,0,0,3,0,1.666666667,1
217,0,34.66666667,0.666666667,3.666666667,10,0,1,1,0,0,1,0,0,2,1,2,1,1,2,0,0,0,0,0,0,0,0,0,1,2,0,1,0,2,0,4534.666667,22019,1,0,0,0,0,1,0,0,1,0,0.3333333,14.66666667,0,0,2,1,3,0,0,0,8,3,0,2,1,0,5.666666667,5
218,0,34.33333333,0,3,11,0,2,0,0,0,1,0,1,2,0,2,1,1,1,1,0,0,0,1,0,0,0,0,1,1,0,0,0,0,3,6088,12971.33333,0,2,0,0,0,0,0,0,0,1,0.25,13.66666667,0,2,1,0,2,1,0,0,8.333333333,2,0,1,2,0,6.333333333,5
219,1,31.66666667,0.333333333,3,8,0,0,1,2,0,0,0,0,1,2,1,2,2,1,0,0,0,0,0,0,0,1,0,1,0,1,2,1,0,0,3595.666667,12036.33333,1,2,0,0,0,0,0,0,0,0,0.3333333,18,1,1,1,0,2,1,0,0,5.666666667,3.333333333,1,0,2,0,5.333333333,3
220,1,39.33333333,0,3,9,0,1,1,0,1,0,0,0,3,0,1,2,1,1,0,0,1,0,0,0,1,0,0,1,1,0,0,0,2,1,9301.333333,14010,1,0,0,0,1,0,0,1,0,0,0.3333333,16,0,0,0,3,1,2,0,0,13.33333333,2.666666667,0,2,1,0,8.333333333,3
221,1,41.66666667,0,3,7,0,2,0,0,1,0,0,0,0,3,0,3,0,1,1,0,1,1,0,0,1,0,0,0,1,0,0,0,0,3,11989,19467.66667,0,0,1,0,0,0,0,1,1,0,0.25,16.66666667,0,0,1,2,2,1,0,0,21.33333333,2.666666667,1,0,2,0,11.66666667,1
222,1,39.33333333,0,1.666666667,9,0,1,2,0,0,0,0,3,0,0,0,3,1,2,0,0,0,0,0,0,0,0,0,0,2,1,0,2,1,0,5152.666667,15767.33333,2,0,0,0,0,0,0,0,1,0,0,18,0,0,2,1,2,1,0,0,6.333333333,2.666666667,0,0,3,0,4.333333333,2
223,0,38,0,3,8,0,1,0,2,0,0,1,2,0,0,1,2,1,1,1,0,0,0,1,0,0,1,0,0,1,0,1,0,2,0,5517.666667,13373,0,1,0,0,0,1,0,0,1,0,0,13.33333333,1,0,1,1,1,1,1,0,8.333333333,2.666666667,0,1,2,0,4,0
224,0,38.33333333,0,3,11,0,3,0,0,0,0,0,2,0,1,1,2,0,3,0,0,0,2,0,0,0,0,0,0,1,0,0,1,1,1,6476.666667,18625.33333,0,0,0,1,0,0,1,0,0,1,0.3333333,13,2,1,0,0,2,1,0,0,12,3.333333333,1,0,2,0,2,1
225,0,40,0,3,10,0,1,1,0,0,1,1,1,0,1,1,2,0,3,0,0,0,1,0,1,0,0,0,0,1,0,0,1,1,1,5764.333333,15653.66667,0,1,1,0,0,0,0,1,0,0,0.25,13.33333333,0,1,1,1,0,3,0,0,12,2,0,1,2,0,5.666666667,3
226,0,42.66666667,0,3,7,0,2,0,0,0,1,0,1,1,1,2,1,0,1,1,1,0,1,0,0,0,0,0,0,2,0,0,1,2,0,8414.666667,15260,0,0,1,1,0,0,0,1,0,0,0.3333333,13.33333333,0,1,0,2,3,0,0,0,18,3,0,0,2,1,4,2
227,0,34,0,3,9,0,3,0,0,0,0,0,0,1,2,0,3,3,0,0,0,0,0,0,0,0,0,0,3,0,0,0,1,1,1,2690.666667,20567.33333,0,1,0,0,0,0,1,0,0,1,0,15.66666667,1,0,1,1,2,0,1,0,5.666666667,3,0,2,1,0,3,1
228,0,36.66666667,0,2.333333333,11,0,0,0,1,1,1,0,0,2,1,0,3,1,2,0,0,0,0,0,1,0,0,0,2,0,0,0,1,1,1,3797.333333,18323.33333,1,0,0,1,1,0,0,0,0,0,0.25,12.33333333,1,0,1,1,1,0,1,1,9,2.333333333,0,0,2,1,7,5
229,1,44.33333333,0,2.333333333,10,0,2,0,1,0,0,0,0,2,1,1,2,1,2,0,0,0,0,0,2,0,0,0,0,1,0,2,0,0,1,6036,13326.33333,0,1,0,1,1,0,0,0,0,0,0,16.66666667,1,0,0,2,0,1,0,2,12,2.333333333,0,1,2,0,5.666666667,1
230,0,32.66666667,0,3,12,0,3,0,0,0,0,1,2,0,0,2,1,0,3,0,0,0,1,0,1,0,1,0,0,0,0,0,0,1,2,5686.333333,15663.33333,2,1,0,0,0,0,0,0,0,0,0.3333333,14.33333333,0,2,1,0,1,2,0,0,9.666666667,3,0,1,2,0,9,3
231,1,39.66666667,0.333333333,2.333333333,9,0,2,0,1,0,0,2,0,1,0,2,1,0,2,1,0,0,0,1,0,0,0,0,0,2,0,0,0,2,1,6977.333333,10893.33333,0,0,0,0,1,0,2,0,0,0,0,18,0,0,2,1,0,1,2,0,8.666666667,1.666666667,0,1,1,1,3.333333333,2
232,0,31,0,2.333333333,8,0,0,0,3,0,0,0,1,1,1,1,2,2,1,0,0,0,0,0,2,0,0,0,0,1,0,0,0,0,3,3596.333333,7421.333333,2,1,0,0,0,0,0,0,0,0,0.25,13.66666667,0,0,2,1,2,0,1,0,8,3.333333333,0,1,2,0,7.333333333,5
233,1,27.33333333,0,1.666666667,6,0,2,0,0,1,0,0,1,1,1,2,1,2,1,0,0,0,0,1,0,0,0,0,1,1,0,0,0,3,0,3252.333333,10507.33333,0,3,0,0,0,0,0,0,0,0,0.25,17,0,1,1,1,1,2,0,0,9,2.666666667,0,1,2,0,9,4
234,1,34.33333333,0,1.666666667,10,0,1,1,1,0,0,0,1,1,1,2,1,0,3,0,0,0,0,0,0,0,0,0,0,3,0,0,0,3,0,5164.333333,11319.66667,0,2,0,0,1,0,0,0,0,0,0,16.66666667,0,2,1,0,1,0,1,1,8.333333333,2.666666667,0,0,1,2,7.666666667,5
235,0,43.66666667,0.333333333,4.333333333,11,0,1,0,1,1,0,2,1,0,0,2,1,1,1,0,1,0,0,0,0,0,0,1,1,1,0,1,1,0,1,7675,6846.333333,0,1,1,1,0,0,0,0,0,0,0,14,0,1,1,1,0,0,2,1,12,3,0,1,2,0,3,1
236,0,35.33333333,0,3,9,0,3,0,0,0,0,2,1,0,0,0,3,0,2,0,1,0,0,0,0,0,0,1,1,1,0,1,0,2,0,9767,13692.33333,0,1,1,0,0,0,1,0,0,0,0.25,11.66666667,0,1,1,1,3,0,0,0,16,2.333333333,1,1,1,0,7.333333333,3
237,0,35.66666667,0.666666667,3.666666667,11,0,1,1,0,0,1,1,0,0,2,0,3,2,0,1,0,0,0,0,0,0,0,0,2,1,0,1,1,1,0,4688.666667,13517,0,1,1,0,0,0,1,0,0,0,0.3333333,12,0,0,2,1,2,0,0,1,8,2,1,0,2,0,6,4
238,0,46.33333333,0,2.333333333,8,1,1,1,0,0,0,0,0,3,0,1,2,0,2,1,0,0,0,1,1,0,0,0,0,1,0,0,3,0,0,6134,22498,0,1,1,0,0,0,1,0,0,0,0.3333333,14.33333333,1,2,0,0,1,2,0,0,16.33333333,3.666666667,0,1,2,0,9,3
239,1,37.33333333,0,2.333333333,12,0,2,0,1,0,0,0,2,1,0,1,2,2,1,0,0,0,0,0,1,0,0,0,2,0,0,1,1,1,0,2833,16848.33333,0,0,0,1,1,0,0,0,0,1,0.25,15.33333333,1,0,1,1,1,2,0,0,10.33333333,2.666666667,0,0,1,2,3,1
240,1,44.66666667,0.666666667,4.333333333,10,0,0,0,1,1,1,1,1,0,1,1,2,1,1,1,0,0,1,0,0,0,0,0,1,1,0,1,0,1,1,5655.333333,18151.66667,0,1,0,2,0,0,0,0,0,0,0,15.66666667,1,0,2,0,2,1,0,0,17,2.333333333,0,2,1,0,9,4
241,1,38,0,4.333333333,7,1,2,0,0,0,0,1,1,0,1,0,3,1,1,0,0,1,0,1,0,0,0,1,1,0,0,0,0,1,2,8254.666667,11755.33333,0,2,0,0,0,0,1,0,0,0,0.3333333,19.33333333,0,0,2,1,2,0,0,1,15,2.333333333,0,2,0,1,7,1
242,1,41.66666667,0,3.666666667,11,0,1,1,1,0,0,1,0,0,2,2,1,0,2,0,0,1,0,0,1,1,0,0,0,1,0,0,0,1,2,8381.666667,8457,1,1,1,0,0,0,0,0,0,0,0.25,14.66666667,1,0,1,1,2,1,0,0,13.66666667,2,0,0,2,1,6,1
243,0,26,0.333333333,3,9,0,1,1,0,0,1,2,1,0,0,0,3,1,2,0,0,0,0,1,0,0,0,0,0,2,0,0,0,1,2,6976,18516.66667,1,1,1,0,0,0,0,0,0,0,0.3333333,13.66666667,0,0,1,2,2,1,0,0,7.666666667,2.666666667,0,1,1,1,6,1
244,1,42,0.333333333,3.666666667,10,0,1,0,2,0,0,1,0,1,1,0,3,1,1,0,0,1,0,0,1,1,0,0,0,1,0,1,1,0,1,9042.666667,15169.33333,1,2,0,0,0,0,0,0,0,0,0,17,0,0,3,0,1,1,0,1,15,3.333333333,0,0,3,0,14.66666667,1
245,1,42.33333333,0,3.666666667,9,0,3,0,0,0,0,0,0,1,2,0,3,1,1,1,0,0,1,0,0,0,0,0,1,1,0,0,0,1,2,5322.666667,11115.66667,0,1,0,1,0,0,1,0,0,0,0.25,16.66666667,1,1,1,0,0,2,0,1,9.333333333,3.333333333,0,0,3,0,6.666666667,1
246,0,38,0.333333333,3,5,0,1,0,2,0,0,0,1,1,1,2,1,1,1,0,0,1,0,0,0,1,0,0,1,1,0,0,0,1,2,9062.333333,16413,0,2,0,0,1,0,0,0,0,0,0,14,0,1,1,1,2,1,0,0,11.33333333,2.333333333,0,1,2,0,10,1
247,1,38.66666667,0,3.666666667,9,1,0,0,2,0,0,0,2,0,1,1,2,0,1,1,0,1,0,0,0,1,2,0,0,0,0,1,1,0,1,11654,5587.666667,0,1,0,1,0,0,1,0,0,0,0,16,0,1,1,1,1,0,1,1,17,1.333333333,0,1,2,0,15,3
248,0,48.33333333,0.333333333,3,11,0,0,2,0,0,1,1,1,1,0,0,3,1,1,0,1,0,0,0,1,1,0,0,0,1,0,0,0,1,2,7593,14724.66667,1,1,0,1,0,0,0,0,0,0,0,14.33333333,0,1,2,0,1,2,0,0,15.33333333,3,0,2,1,0,4.666666667,1
249,1,42.66666667,0.333333333,3,10,0,1,1,1,0,0,0,0,2,1,0,3,1,2,0,0,0,0,0,1,0,0,0,0,2,0,1,1,0,1,5923,8360.333333,2,0,0,0,0,0,0,1,0,0,0.3333333,18,0,0,0,3,2,1,0,0,9.666666667,2.333333333,2,0,1,0,7,2
250,1,30.66666667,0.333333333,2.333333333,8,0,0,2,0,0,1,2,0,1,0,0,3,1,1,1,0,0,0,0,1,0,0,0,0,2,0,1,0,0,2,5829.333333,7152.666667,1,1,0,0,0,0,0,0,1,0,0.25,16,1,2,0,0,2,0,0,1,8.333333333,3,0,2,1,0,6.666666667,1
251,0,45,0,3,9,0,2,0,0,1,0,0,0,1,2,0,3,0,2,1,0,0,0,1,0,0,1,0,1,0,0,1,1,0,1,5580.333333,15239.66667,0,0,1,0,1,0,1,0,0,0,0.25,13.66666667,1,0,2,0,2,1,0,0,21.66666667,3.333333333,0,3,0,0,6.666666667,4
252,1,41.33333333,0,3.666666667,5,0,1,0,2,0,0,1,0,1,1,2,1,1,0,2,0,0,0,0,1,1,1,0,0,0,0,0,1,1,1,8883,16750.66667,0,1,0,1,0,0,0,0,1,0,0.3333333,15.33333333,0,2,1,0,1,2,0,0,18,3.333333333,1,0,1,1,11,0
253,1,48.33333333,0,3.666666667,11,0,0,1,0,0,2,1,0,2,0,2,1,0,1,1,1,0,1,0,0,1,0,0,0,1,0,1,1,1,0,11071.66667,11107,1,0,0,1,0,0,0,0,1,0,0.3333333,17,0,1,0,2,2,1,0,0,19.33333333,1.333333333,0,1,2,0,9.333333333,2
254,1,25.33333333,0,3,7,0,0,0,2,1,0,0,1,0,2,1,2,3,0,0,0,0,0,0,3,0,0,0,0,0,0,0,2,0,1,2915.333333,12320.66667,0,3,0,0,0,0,0,0,0,0,0.3333333,16.33333333,0,0,2,1,2,1,0,0,4.666666667,4.333333333,0,1,2,0,4.333333333,0
255,1,39.66666667,0,3,13,0,0,0,2,1,0,0,2,0,1,2,1,0,0,2,1,0,0,1,0,1,1,0,0,0,0,1,0,1,1,11424,14707.66667,1,1,0,1,0,0,0,0,0,0,0.3333333,16.33333333,1,1,1,0,2,1,0,0,20.33333333,3.666666667,0,2,1,0,11.33333333,10
256,0,41,0.333333333,3.666666667,11,0,1,0,0,0,2,1,0,0,2,2,1,1,2,0,0,0,1,0,1,0,1,0,0,0,0,1,0,0,2,4658.666667,16146,1,1,1,0,0,0,0,0,0,0,0.25,11.33333333,0,0,1,2,0,2,0,1,6.666666667,3,0,1,1,1,4.333333333,1
257,0,42,0,3,10,0,2,0,1,0,0,0,1,0,2,1,2,1,0,1,0,1,0,1,0,0,0,2,0,0,0,1,1,0,1,12623.33333,19843,0,1,0,0,1,1,0,0,0,0,0,13.33333333,0,0,1,2,1,1,0,1,18,4,0,0,3,0,13.66666667,5
258,1,45,0,2.333333333,8,0,0,2,1,0,0,0,0,2,1,3,0,0,0,1,2,0,0,0,0,1,0,1,0,1,0,1,0,0,2,14917.66667,14501.33333,0,0,0,0,1,0,1,0,1,0,0.25,17.66666667,1,1,0,1,2,1,0,0,24.33333333,3.666666667,0,2,1,0,19.66666667,13
259,0,27.66666667,0,3,6,0,3,0,0,0,0,1,1,0,1,1,2,1,1,1,0,0,1,0,1,0,0,0,0,1,0,1,0,0,2,5724,15532,1,2,0,0,0,0,0,0,0,0,0,14.66666667,1,0,1,1,1,1,1,0,8.333333333,3.333333333,0,1,2,0,8,5
260,0,40,0,2.333333333,9,0,0,0,1,0,2,0,1,2,0,1,2,1,0,1,0,1,0,0,1,0,1,1,0,0,0,0,0,1,2,10106.33333,21178.66667,1,0,0,0,1,0,0,1,0,0,0.25,16,1,0,1,1,2,1,0,0,14.33333333,2.666666667,1,0,1,1,4.666666667,2
261,0,41,0,3.666666667,10,0,1,0,2,0,0,1,0,1,1,1,2,1,1,1,0,0,0,0,1,0,1,0,1,0,0,1,0,2,0,6682.333333,21671.66667,0,1,0,0,0,0,2,0,0,0,0.25,13.33333333,2,1,0,0,1,2,0,0,11,3,0,1,2,0,7.666666667,5
262,0,39.33333333,0,3.666666667,12,0,1,0,1,1,0,1,0,1,1,2,1,1,1,0,1,0,0,0,0,1,0,0,1,1,0,2,0,0,1,8380,17051,0,1,1,0,0,0,0,1,0,0,0,13.33333333,0,0,2,1,3,0,0,0,15.66666667,3,0,0,3,0,12,5
263,0,40.66666667,0.333333333,3,7,0,1,1,1,0,0,0,0,2,1,1,2,1,1,0,1,0,1,1,0,0,0,0,0,0,1,1,0,0,2,6449.333333,14852,1,0,0,0,0,0,0,1,1,0,0.3333333,11,0,1,2,0,1,1,1,0,16,2,0,1,2,0,6.333333333,4
264,0,34.66666667,0,3.666666667,11,0,1,1,1,0,0,0,0,2,1,1,2,1,2,0,0,0,0,0,1,0,1,0,0,1,0,1,1,1,0,5320,10460.66667,1,1,0,0,0,0,0,0,0,1,0.3333333,12,0,1,1,1,2,1,0,0,10.33333333,2.333333333,0,2,1,0,9,4
265,1,41,0.333333333,3.666666667,10,0,3,0,0,0,0,0,0,3,0,0,3,1,0,0,1,1,0,0,0,1,0,0,1,1,0,1,1,1,0,12153.33333,4360.333333,3,0,0,0,0,0,0,0,0,0,0.3333333,16.33333333,1,1,0,1,1,2,0,0,20.66666667,3.333333333,0,1,2,0,19.66666667,5
266,0,28.66666667,0.333333333,3,9,0,1,0,1,1,0,0,0,2,1,0,3,3,0,0,0,0,0,0,1,0,0,0,2,0,0,1,1,0,1,2436.333333,18066.66667,0,2,0,1,0,0,0,0,0,0,0,13.66666667,1,1,1,0,3,0,0,0,3.333333333,1.666666667,0,0,3,0,2,1
267,1,38.33333333,0,3,6,0,1,0,2,0,0,1,1,1,0,3,0,1,2,0,0,0,1,0,1,0,0,0,0,1,0,1,0,1,1,5057.333333,12511,0,1,0,0,0,1,1,0,0,0,0.3333333,17,0,2,1,0,0,2,0,1,14,1.333333333,0,0,3,0,9,5
268,0,47,0.333333333,3,10,0,1,1,0,0,1,0,1,1,1,2,1,0,2,0,0,1,1,0,0,0,0,1,0,1,0,1,1,1,0,10349,14329.33333,0,1,1,0,0,0,1,0,0,0,0,13.33333333,0,0,0,3,2,1,0,0,19.33333333,2.333333333,0,0,3,0,12.66666667,6
269,0,41.66666667,0,3.666666667,12,0,0,0,3,0,0,0,2,1,0,0,3,1,1,0,1,0,0,0,0,0,0,1,0,1,1,0,2,1,0,8060,21493.33333,1,0,0,1,0,1,0,0,0,0,0.3333333,14,0,1,0,2,0,1,0,2,9.666666667,3,0,1,2,0,2.333333333,0
270,0,47.33333333,0,3,8,0,2,0,0,1,0,2,1,0,0,1,2,0,1,2,0,0,0,0,1,0,0,0,0,2,0,0,1,0,2,8167.666667,15183.33333,0,0,0,1,1,0,0,0,1,0,0.3333333,12.33333333,0,0,2,1,1,2,0,0,24,2.666666667,0,1,2,0,9.333333333,1
271,1,38,0.666666667,3,7,0,1,0,1,0,1,1,0,1,1,2,1,3,0,0,0,0,0,0,2,0,0,0,1,0,0,3,0,0,0,3111.666667,16234.66667,1,0,1,0,1,0,0,0,0,0,0.25,20.33333333,0,2,1,0,2,1,0,0,11.66666667,2,0,1,1,1,3,1
272,0,37,0,3,10,0,2,0,1,0,0,0,1,1,1,1,2,1,2,0,0,0,1,0,0,0,1,0,1,0,0,2,1,0,0,4899.666667,14378,1,0,1,0,0,0,0,0,0,1,0,15,0,1,1,1,1,0,1,1,8.666666667,3.666666667,0,1,2,0,4.333333333,1
273,0,31,0.666666667,3.666666667,8,0,1,1,1,0,0,1,2,0,0,2,1,2,1,0,0,0,0,0,0,0,0,0,1,1,1,0,0,1,2,3956.333333,20612.66667,0,1,0,1,0,0,1,0,0,0,0.3333333,16,1,0,2,0,2,0,0,1,6.666666667,3.666666667,0,0,3,0,5.333333333,3
274,0,33,0.333333333,3.666666667,7,0,0,0,2,1,0,0,1,1,1,1,2,1,2,0,0,0,0,0,2,0,0,0,0,1,0,1,0,0,2,4264.333333,11181.33333,0,1,0,1,1,0,0,0,0,0,0.3333333,13.33333333,0,0,2,1,2,1,0,0,11,3.333333333,0,2,1,0,5.333333333,4
275,0,42,0.666666667,3,10,0,1,0,2,0,0,1,1,0,1,2,1,2,0,1,0,0,1,0,1,0,0,0,0,0,1,1,1,0,1,5111.333333,3498.666667,0,2,0,1,0,0,0,0,0,0,0.25,15,0,1,0,2,1,2,0,0,17,3,1,1,1,0,15,1
276,1,31.33333333,0,4.333333333,8,0,0,0,2,0,1,0,1,0,2,2,1,3,0,0,0,0,0,0,1,0,0,0,2,0,0,1,0,0,2,3063.666667,12247.66667,1,2,0,0,0,0,0,0,0,0,0,17.33333333,1,0,0,2,2,1,0,0,7.666666667,2.333333333,0,1,2,0,7.333333333,5
277,0,31.33333333,0,3,8,0,0,2,0,1,0,0,0,1,2,0,3,1,1,1,0,0,0,0,1,0,0,0,0,2,0,0,0,2,1,6155.333333,10749,0,3,0,0,0,0,0,0,0,0,0,14.33333333,1,1,1,0,2,1,0,0,8.333333333,4,0,0,2,1,8.333333333,5
278,0,24.33333333,0.333333333,3.666666667,8,0,1,1,1,0,0,0,1,1,1,0,3,2,1,0,0,0,0,0,2,0,0,0,0,0,1,0,1,1,1,3012.666667,9481,0,2,0,1,0,0,0,0,0,0,0.3333333,12.66666667,1,0,1,1,1,0,0,2,5.666666667,4.333333333,0,2,1,0,4.333333333,0
279,0,23,0.333333333,2.333333333,10,0,1,0,1,0,1,1,0,1,1,2,1,2,0,1,0,0,0,0,2,0,1,0,0,0,0,1,0,0,2,3909,19342,0,3,0,0,0,0,0,0,0,0,0.25,16,0,1,2,0,3,0,0,0,4,3,0,1,1,1,4,0
280,1,32.66666667,0.333333333,3.666666667,9,1,0,1,1,0,0,2,1,0,0,0,3,1,2,0,0,0,0,1,0,0,0,0,0,1,1,1,1,0,1,4153,12295.33333,0,2,0,0,1,0,0,0,0,0,0.25,15.33333333,1,1,1,0,2,1,0,0,8,3.666666667,0,0,3,0,6.666666667,1
281,0,36,0,3.666666667,10,0,0,0,0,2,1,1,0,2,0,0,3,1,1,1,0,0,0,0,1,0,1,0,1,0,0,0,1,1,1,4865.666667,11755,1,0,0,1,1,0,0,0,0,0,0,14.33333333,1,0,0,2,2,1,0,0,11.33333333,3.333333333,0,0,3,0,7,2
282,0,29.33333333,0,3,8,0,2,0,1,0,0,1,0,1,1,1,2,2,1,0,0,0,1,1,0,0,0,0,1,0,0,1,1,0,1,3175.333333,12121.66667,1,1,0,0,0,0,0,0,0,1,0.25,13.66666667,1,0,1,1,1,2,0,0,6.333333333,4.666666667,0,1,1,1,4.333333333,3
283,0,35.33333333,0,3,7,0,2,0,1,0,0,0,2,1,0,1,2,2,0,0,1,0,0,0,1,1,0,0,1,0,0,1,0,1,1,8255.666667,9771.333333,0,2,0,1,0,0,0,0,0,0,0.25,12.66666667,1,0,1,1,1,2,0,0,9.333333333,3.333333333,0,1,2,0,7.666666667,1
284,1,47.33333333,0.333333333,3,8,0,1,1,1,0,0,0,0,1,2,1,2,0,1,0,1,1,1,0,0,2,0,0,0,0,0,2,0,0,1,13576.33333,16817.66667,0,2,0,0,0,1,0,0,0,0,0.25,16.33333333,1,0,0,2,1,2,0,0,22.66666667,2.333333333,1,0,1,1,16.33333333,5
285,0,29.66666667,0.333333333,3.666666667,8,0,2,0,0,1,0,0,2,1,0,2,1,1,1,1,0,0,1,0,0,0,0,0,0,1,1,2,0,0,1,7055.666667,9937,0,1,1,1,0,0,0,0,0,0,0,14.33333333,0,0,3,0,0,3,0,0,7.333333333,2.333333333,0,0,2,1,6,1
286,0,37.33333333,0,4.333333333,7,0,1,0,1,1,0,1,1,0,1,2,1,1,2,0,0,0,0,0,0,0,1,0,2,0,0,1,1,1,0,3846,14729.33333,1,0,1,0,1,0,0,0,0,0,0,11.66666667,0,1,0,2,1,2,0,0,9.333333333,2.333333333,0,1,2,0,3.666666667,3
287,0,31,0.333333333,3.666666667,7,0,1,1,1,0,0,0,1,0,2,1,2,2,1,0,0,0,0,0,0,0,0,0,1,1,1,1,1,0,1,3434,11830,0,2,1,0,0,0,0,0,0,0,0.25,16,1,0,0,2,1,2,0,0,9.333333333,2.333333333,0,2,1,0,7.333333333,1
288,0,30.66666667,0.333333333,2.333333333,8,0,1,0,2,0,0,2,0,1,0,0,3,1,1,1,0,0,0,0,1,0,0,0,1,1,0,2,0,1,0,5701.666667,15855.33333,0,1,0,0,0,1,0,1,0,0,0,11.66666667,0,0,3,0,2,0,1,0,11.66666667,3,1,1,1,0,10,4
289,1,41.66666667,0,3,11,0,0,1,2,0,0,1,0,2,0,1,2,0,2,0,0,1,0,0,1,1,1,0,0,0,0,0,0,2,1,9791.666667,15959.33333,0,1,0,0,0,0,1,1,0,0,0.3333333,17.66666667,0,0,2,1,2,1,0,0,18.66666667,4,0,0,3,0,15,1
290,1,27,0.666666667,3.666666667,10,0,0,1,0,2,0,0,0,2,1,2,1,3,0,0,0,0,0,0,1,0,0,0,1,0,1,0,2,0,1,2811.333333,16859.66667,0,3,0,0,0,0,0,0,0,0,0,19,0,1,1,1,2,1,0,0,4,2.666666667,1,1,1,0,3.666666667,2
291,0,38.66666667,0,2.333333333,8,0,2,1,0,0,0,0,1,1,1,1,2,2,0,0,0,1,0,0,2,1,0,0,0,0,0,1,1,0,1,7968,14501.33333,1,0,0,0,1,0,0,1,0,0,0.3333333,13.33333333,0,1,1,1,0,3,0,0,12.33333333,4,0,1,2,0,9.666666667,3
292,0,35.33333333,0,3,10,0,1,1,0,1,0,0,0,3,0,1,2,0,1,2,0,0,0,0,0,0,0,0,0,2,1,0,0,1,2,7540.333333,8656,0,0,0,1,0,1,0,1,0,0,0.25,12.33333333,2,0,1,0,1,2,0,0,14,2,0,2,0,1,11,8
293,1,35,0,3,10,0,1,0,2,0,0,0,1,1,1,3,0,0,2,1,0,0,1,0,1,1,0,0,0,0,0,1,0,0,2,7930.666667,15277.66667,1,1,0,0,1,0,0,0,0,0,0.25,17.33333333,0,1,0,2,0,2,1,0,10.33333333,1.666666667,0,0,3,0,7.666666667,5
294,0,42.66666667,0.333333333,3,9,0,1,0,0,0,2,1,0,2,0,0,3,1,1,1,0,0,0,0,0,0,1,0,1,0,1,0,2,0,1,6197.666667,14903,0,1,1,0,0,0,0,0,1,0,0.25,17,1,0,1,1,1,2,0,0,11.66666667,3,0,0,2,1,4.333333333,1
295,0,32,0.333333333,3,5,0,2,1,0,0,0,1,0,0,2,2,1,1,2,0,0,0,0,0,0,0,0,0,1,2,0,1,1,1,0,4416,20838.66667,0,1,0,0,0,0,0,1,0,1,0.3333333,13,1,0,1,1,2,0,1,0,4.333333333,3.333333333,0,0,3,0,2.666666667,1
296,1,37,0,3,8,0,1,0,1,1,0,1,0,1,1,2,1,0,3,0,0,0,0,0,1,0,2,0,0,0,0,0,0,0,3,5853.333333,13135.66667,0,2,1,0,0,0,0,0,0,0,0.25,20.66666667,2,0,0,1,2,0,1,0,13.33333333,1.666666667,0,0,3,0,11,10
297,0,43.33333333,0,2.333333333,11,0,1,0,1,1,0,0,0,1,2,1,2,1,1,1,0,0,1,0,1,0,0,1,0,0,0,2,0,1,0,7342.666667,7751,0,0,2,0,1,0,0,0,0,0,0,13.33333333,1,1,0,1,1,2,0,0,12.66666667,2.333333333,0,1,0,2,1.333333333,0
298,0,33.66666667,0.333333333,3.666666667,7,0,1,0,0,0,2,2,0,1,0,2,1,1,1,1,0,0,0,0,0,1,0,0,0,1,1,0,1,2,0,7970,18630.33333,0,2,1,0,0,0,0,0,0,0,0,12,0,0,2,1,2,0,1,0,9.333333333,2.666666667,0,0,3,0,5,2
299,1,36,0,3,7,0,2,0,1,0,0,1,0,1,1,1,2,0,2,1,0,0,1,0,0,0,1,0,0,1,0,1,1,1,0,6684,21809,0,1,0,0,2,0,0,0,0,0,0,17.66666667,1,1,1,0,0,3,0,0,7,3.333333333,0,0,2,1,5.333333333,1
300,0,36.66666667,0.333333333,3,5,0,3,0,0,0,0,1,0,2,0,0,3,1,0,0,2,0,0,0,0,1,0,1,0,0,1,0,1,1,1,11105,12989,1,2,0,0,0,0,0,0,0,0,0,12.66666667,0,0,1,2,2,1,0,0,15.66666667,3.333333333,0,1,2,0,15.33333333,1
301,1,35.66666667,0,3,9,0,2,0,0,0,1,1,2,0,0,2,1,1,2,0,0,0,0,0,2,0,0,0,0,1,0,0,0,2,1,3971.666667,11323,0,2,0,0,0,1,0,0,0,0,0.3333333,17.33333333,2,0,0,1,0,2,1,0,9,3,0,1,2,0,7,1
302,0,38,0,3,11,0,1,0,1,1,0,1,1,1,0,1,2,1,1,1,0,0,0,0,1,0,0,0,0,2,0,1,0,0,2,5434.666667,6366.666667,1,1,0,0,0,0,0,1,0,0,0.25,13.66666667,1,0,1,1,3,0,0,0,12.33333333,3,0,1,2,0,9.666666667,3
303,1,37.33333333,0,2.333333333,11,0,2,0,1,0,0,0,1,1,1,0,3,2,0,0,1,0,0,0,1,1,0,0,0,0,1,0,0,1,2,7420,12746.66667,1,1,0,1,0,0,0,0,0,0,0.3333333,18.66666667,0,1,1,1,2,1,0,0,14,3.333333333,0,1,2,0,12.33333333,3
304,1,39,0,3,10,0,3,0,0,0,0,1,0,0,2,0,3,0,2,1,0,0,1,0,0,0,1,0,0,1,0,1,0,1,1,6845.666667,11767.33333,0,1,0,1,0,1,0,0,0,0,0.25,19,0,0,3,0,1,2,0,0,11.66666667,2,0,0,2,1,9,2
305,1,43.66666667,0,3,8,0,0,0,2,1,0,1,0,0,2,1,2,1,1,0,1,0,0,0,1,0,0,1,0,1,0,0,0,2,1,8888,16228.66667,0,2,0,1,0,0,0,0,0,0,0,17.33333333,0,1,2,0,1,0,1,1,17.33333333,3.333333333,0,0,2,1,15.33333333,6
306,1,31.33333333,0,1.666666667,7,0,1,0,2,0,0,0,0,2,1,1,2,1,2,0,0,0,0,0,2,0,0,0,0,1,0,0,0,1,2,3790.666667,11252,1,2,0,0,0,0,0,0,0,0,0.25,17.66666667,0,1,1,1,0,2,1,0,6.333333333,2.333333333,0,1,2,0,5.666666667,1
307,0,37.66666667,0,3,11,0,2,0,1,0,0,1,0,1,1,3,0,1,0,0,2,0,0,0,0,1,0,1,1,0,0,0,2,0,1,11786.66667,14628.66667,0,1,1,1,0,0,0,0,0,0,0,13.33333333,0,0,2,1,3,0,0,0,15.33333333,2.333333333,0,1,1,1,5,3
308,0,36,0,3,7,0,1,1,1,0,0,0,1,1,1,1,2,1,1,1,0,0,1,0,1,0,0,0,0,1,0,0,1,2,0,6817.666667,13751.66667,1,1,0,0,1,0,0,0,0,0,0.25,15.66666667,1,0,1,1,0,2,0,1,17,4.333333333,0,2,1,0,12,3
309,1,46.33333333,0,3.666666667,11,1,0,0,2,0,0,0,1,1,1,2,1,0,1,0,1,1,0,1,0,1,0,1,0,0,0,0,1,0,2,14016,21556,0,0,0,1,0,0,0,0,0,2,0.25,17.33333333,1,0,1,1,0,2,1,0,20.33333333,1.666666667,1,0,2,0,8,2
310,1,24,0.333333333,3,10,0,0,0,3,0,0,2,1,0,0,1,2,3,0,0,0,0,0,0,1,0,0,0,2,0,0,0,1,0,2,2985.666667,13627,0,2,1,0,0,0,0,0,0,0,0.25,17,1,1,0,1,0,3,0,0,5.333333333,1.666666667,0,1,2,0,4,2
311,0,35.66666667,1,3.666666667,10,0,1,1,1,0,0,0,1,2,0,2,1,3,0,0,0,0,0,0,1,0,0,0,1,0,1,1,1,1,0,2754,14421.66667,0,2,0,0,0,0,1,0,0,0,0,13.66666667,0,0,2,1,3,0,0,0,9,2,0,0,3,0,7,2
312,1,42.33333333,0,3.666666667,6,0,1,0,2,0,0,1,0,0,2,1,2,2,1,0,0,0,0,0,1,0,1,0,1,0,0,1,0,1,1,3206.333333,18886,0,2,0,0,0,0,0,1,0,0,0,16,1,0,1,1,0,2,1,0,6,1.666666667,0,1,2,0,4,3
313,0,42.33333333,0,3,12,0,1,1,0,1,0,1,0,1,1,1,2,0,2,1,0,0,1,0,0,0,0,0,1,1,0,0,0,3,0,5861.333333,11398,2,1,0,0,0,0,0,0,0,0,0.25,14.66666667,0,2,1,0,2,0,1,0,9.666666667,2.333333333,0,0,3,0,9,3
314,0,35.33333333,0,3.666666667,8,0,2,0,1,0,0,1,0,0,2,1,2,3,0,0,0,0,0,0,3,0,0,0,0,0,0,0,3,0,0,2465,9906.666667,0,0,1,0,1,1,0,0,0,0,0.3333333,13.33333333,1,0,2,0,2,1,0,0,11.66666667,3,0,2,1,0,5.666666667,4
315,0,26.66666667,0.666666667,3,5,0,0,1,2,0,0,0,0,3,0,1,2,3,0,0,0,0,0,0,1,0,0,0,0,0,2,0,1,1,1,2430,17858.66667,0,2,0,0,0,1,0,0,0,0,0.25,15,0,1,1,1,1,1,0,1,3.666666667,1.666666667,0,0,3,0,2,0
316,0,36,0,3.666666667,7,0,2,0,0,0,1,0,1,1,1,1,2,1,1,1,0,0,0,0,0,0,1,0,0,1,1,0,1,1,1,5446.333333,20089,1,1,1,0,0,0,0,0,0,0,0,13,1,0,1,1,1,2,0,0,9.666666667,3.666666667,0,1,2,0,3.666666667,1
317,0,29.33333333,0,4.333333333,9,0,0,0,2,0,1,1,1,1,0,2,1,1,2,0,0,0,0,1,1,0,0,0,0,1,0,0,1,1,1,4388.666667,14729.66667,2,0,0,0,1,0,0,0,0,0,0.3333333,12.66666667,0,1,1,1,1,1,1,0,8,3.333333333,0,0,2,1,6,2
318,0,43.33333333,0,3,12,0,1,1,1,0,0,0,1,2,0,2,1,0,2,0,0,1,1,0,0,0,0,1,0,1,0,0,0,1,2,9255.333333,14306.66667,0,2,1,0,0,0,0,0,0,0,0.3333333,13.66666667,2,1,0,0,1,1,1,0,15,2.666666667,0,0,2,1,13,9
319,0,45.33333333,0,4.333333333,10,0,1,1,1,0,0,0,0,2,1,1,2,1,1,1,0,0,1,0,1,0,0,0,0,1,0,0,2,0,1,5397,14762,1,0,0,1,0,0,0,1,0,0,0.25,16.33333333,1,0,1,1,2,0,1,0,12,3.333333333,0,0,3,0,5.666666667,1
320,0,41.66666667,0.333333333,3,8,0,2,1,0,0,0,0,1,1,1,3,0,1,1,1,0,0,0,0,0,0,1,0,1,1,0,0,2,0,1,7058.666667,12108,0,1,0,0,0,0,1,0,0,1,0,15.66666667,2,0,0,1,1,0,1,1,10.66666667,2,0,1,2,0,5.333333333,4
321,1,37.66666667,0,3.666666667,10,0,0,1,1,0,1,1,1,1,0,1,2,0,3,0,0,0,0,0,0,0,0,0,1,2,0,0,1,1,1,5366,21255.66667,0,2,0,0,1,0,0,0,0,0,0.25,17,0,1,1,1,3,0,0,0,12.33333333,3.666666667,0,0,3,0,10.66666667,9
322,1,34.66666667,0,2.333333333,9,0,0,1,2,0,0,0,2,1,0,2,1,0,1,1,1,0,1,0,0,0,0,1,0,1,0,1,0,2,0,10171.33333,19773.33333,1,0,0,1,1,0,0,0,0,0,0,14.33333333,1,0,1,1,2,1,0,0,14.66666667,2.333333333,0,0,2,1,12,5
323,0,34.66666667,0,2.333333333,8,0,0,0,2,0,1,0,0,2,1,0,3,1,2,0,0,0,0,0,0,0,1,0,2,0,0,1,0,1,1,4531.666667,15776.66667,0,1,0,0,1,0,0,1,0,0,0.3333333,14,1,1,1,0,0,0,3,0,7.333333333,2,0,2,1,0,4.666666667,1
324,0,42.33333333,0,3.666666667,7,0,2,0,1,0,0,1,0,1,1,0,3,0,2,0,0,1,0,1,0,0,0,1,0,1,0,0,2,0,1,10493.66667,14572.33333,0,1,0,1,1,0,0,0,0,0,0.3333333,14,2,0,0,1,0,1,2,0,17.33333333,4,0,1,1,1,10,10
325,1,35,0,2.333333333,7,0,0,0,1,1,1,2,0,0,1,3,0,3,0,0,0,0,0,0,0,0,0,0,2,0,1,0,0,3,0,3157.333333,19123,1,1,0,0,1,0,0,0,0,0,0,19,0,0,2,1,1,1,0,1,5.666666667,2,0,1,2,0,4,3
326,0,28,0,3,7,0,3,0,0,0,0,1,1,1,0,0,3,2,0,1,0,0,0,0,1,0,0,0,1,1,0,1,0,1,1,4411.666667,8511,1,2,0,0,0,0,0,0,0,0,0.3333333,15,1,0,1,1,1,1,1,0,5.666666667,2.666666667,0,2,1,0,5.333333333,4
327,1,37.66666667,0,3,8,0,1,0,0,0,2,0,0,2,1,1,2,0,1,1,1,0,0,0,0,0,2,0,0,1,0,1,2,0,0,9973.666667,6429,0,1,1,0,0,0,1,0,0,0,0.3333333,17.33333333,0,2,1,0,0,2,1,0,15.66666667,2.333333333,0,1,2,0,8,7
328,0,34.66666667,0.666666667,3,9,0,1,0,2,0,0,0,0,1,2,0,3,0,2,1,0,0,0,0,1,0,0,0,0,2,0,1,0,1,1,7230.333333,22400,0,1,0,0,1,0,0,0,0,1,0.3333333,16.33333333,1,1,1,0,1,2,0,0,10.66666667,3.666666667,0,0,2,1,9.333333333,5
329,0,43.33333333,0,3,9,0,2,0,1,0,0,0,0,2,1,1,2,0,1,1,0,1,0,0,0,0,0,1,0,2,0,1,0,0,2,11570.66667,16848,0,0,0,1,0,1,0,0,0,1,0,14,0,0,1,2,1,2,0,0,17.66666667,3,0,0,3,0,4,1
330,1,34,0.333333333,3,7,0,0,0,3,0,0,0,1,2,0,1,2,0,3,0,0,0,2,0,0,0,0,0,0,1,0,1,1,1,0,4816.666667,16107,0,1,0,0,0,0,1,0,1,0,0.25,18.33333333,0,1,0,2,1,1,1,0,10.66666667,3.666666667,0,1,2,0,5.666666667,2
331,0,37.33333333,0.333333333,2.333333333,4,0,0,0,2,0,1,1,0,1,1,3,0,1,1,1,0,0,0,0,0,0,1,1,0,0,1,0,2,1,0,6720.666667,20858,1,1,0,0,0,0,1,0,0,0,0.25,16,1,2,0,0,2,0,1,0,9.333333333,4.333333333,1,0,2,0,6.666666667,2
332,0,36.33333333,0,3,10,0,2,0,1,0,0,0,0,3,0,1,2,2,0,0,1,0,0,0,1,1,0,0,1,0,0,0,1,1,1,6976.333333,14991.66667,0,2,0,0,1,0,0,0,0,0,0.25,12.66666667,1,0,2,0,2,1,0,0,11.33333333,2.333333333,1,0,2,0,6.333333333,5
333,0,33.33333333,0.333333333,3.666666667,7,0,2,1,0,0,0,2,0,1,0,1,2,1,1,1,0,0,1,0,0,0,0,0,1,1,0,0,2,0,1,5679,16542.66667,2,1,0,0,0,0,0,0,0,0,0.3333333,14.66666667,0,0,3,0,2,0,1,0,6.666666667,2.333333333,0,2,0,1,6,1
334,1,32,0,3,6,0,2,1,0,0,0,0,1,1,1,0,3,2,1,0,0,0,0,0,1,0,0,0,1,1,0,0,1,1,1,4067.333333,15002.66667,0,1,1,1,0,0,0,0,0,0,0.3333333,16.33333333,0,1,2,0,0,1,2,0,9.666666667,1.666666667,1,1,1,0,5.333333333,2
335,1,43.33333333,0,3,10,0,1,0,1,0,1,1,1,0,1,1,2,1,0,1,1,0,1,1,0,1,0,0,0,0,0,0,1,0,2,10049.66667,13421.33333,0,1,0,1,1,0,0,0,0,0,0.25,16.33333333,1,1,0,1,1,2,0,0,15.33333333,4.333333333,0,0,2,1,8.666666667,6
336,0,39.33333333,0,3,9,0,3,0,0,0,0,0,0,2,1,2,1,0,2,0,1,0,0,0,1,1,1,0,0,0,0,0,2,1,0,9061,11248.66667,0,0,0,0,0,0,0,0,2,1,0.3333333,13.33333333,0,1,0,2,1,1,1,0,15.33333333,2.333333333,0,0,1,2,9.666666667,3
337,0,31.66666667,0.333333333,1.666666667,7,0,1,0,1,0,1,0,1,1,1,0,3,1,0,2,0,0,2,0,0,0,0,0,1,0,0,3,0,0,0,6702.666667,14099.66667,0,2,0,0,0,0,0,1,0,0,0,12.66666667,1,0,0,2,1,2,0,0,9.666666667,2,0,1,1,1,8.666666667,4
338,0,29.33333333,0.333333333,3,10,0,2,1,0,0,0,1,2,0,0,1,2,0,2,1,0,0,0,0,0,0,0,0,0,3,0,0,0,1,2,5683.666667,13447.33333,0,1,2,0,0,0,0,0,0,0,0.25,11.66666667,1,1,1,0,1,1,0,1,7.666666667,2.666666667,0,1,2,0,3.666666667,1
339,1,33.33333333,0.666666667,4.333333333,8,0,2,0,0,1,0,1,1,1,0,2,1,0,2,1,0,0,1,0,1,0,1,0,0,0,0,0,1,1,1,6691.333333,20506,1,1,0,0,0,0,1,0,0,0,0.25,16,1,1,0,1,2,1,0,0,8.666666667,2,0,1,2,0,7.666666667,6
340,1,32.66666667,0.333333333,3.666666667,8,0,2,0,0,0,1,1,0,2,0,1,2,1,2,0,0,0,0,0,0,0,0,0,1,1,1,1,0,0,2,4368.666667,15670.33333,1,1,0,1,0,0,0,0,0,0,0,15.33333333,1,0,1,1,2,0,1,0,6,3.666666667,0,0,1,2,4.666666667,0
341,0,39.66666667,0.333333333,3,6,0,1,0,2,0,0,0,0,1,2,1,2,2,0,0,0,1,0,0,1,1,0,0,1,0,0,0,0,2,1,8602,13726,1,1,0,0,1,0,0,0,0,0,0.25,14,0,0,2,1,2,1,0,0,11,3.333333333,0,1,2,0,9.333333333,4
342,0,46,0.333333333,3.666666667,7,0,2,1,0,0,0,0,0,1,2,1,2,1,0,2,0,0,1,0,1,0,0,0,0,1,0,0,0,0,3,6650.333333,10147,1,0,1,0,0,0,0,0,0,1,0.3333333,14.66666667,0,0,1,2,0,3,0,0,9.333333333,2,0,2,1,0,4.333333333,1
343,0,33,0,2.333333333,9,0,0,0,3,0,0,0,1,1,1,2,1,2,0,1,0,0,1,0,0,0,0,0,2,0,0,0,2,1,0,4900.333333,9909.666667,0,3,0,0,0,0,0,0,0,0,0.3333333,13,1,1,1,0,2,1,0,0,7.333333333,2.666666667,1,1,0,1,7,5
344,0,43.33333333,0,3,12,0,1,1,0,1,0,2,0,0,1,3,0,0,1,0,2,0,1,0,0,1,0,1,0,0,0,0,1,1,1,12135.33333,11781,0,0,2,1,0,0,0,0,0,0,0.3333333,14.33333333,1,1,1,0,2,1,0,0,17.66666667,2.333333333,0,2,1,0,8.333333333,1
345,1,47.66666667,0,1.666666667,9,0,1,0,1,0,1,1,0,0,2,1,2,1,1,0,1,0,0,0,1,0,1,0,1,0,0,1,0,1,1,6243.333333,13644,0,1,0,0,2,0,0,0,0,0,0.25,18.33333333,0,0,1,2,0,2,0,1,14.66666667,2.333333333,0,1,2,0,5.666666667,3
346,0,39.66666667,0,3.666666667,9,0,1,1,1,0,0,1,1,1,0,1,2,0,2,0,0,1,0,0,1,0,0,1,0,1,0,1,1,0,1,8823.333333,14894.33333,1,1,0,1,0,0,0,0,0,0,0.3333333,15.66666667,1,1,1,0,2,1,0,0,19.66666667,2,0,1,1,1,12.66666667,8
347,1,33,0,3,10,0,2,0,1,0,0,0,2,1,0,0,3,2,0,1,0,0,0,0,0,0,0,0,2,1,0,1,1,1,0,4885.666667,15528,0,2,0,0,1,0,0,0,0,0,0.3333333,19.33333333,1,0,0,2,1,2,0,0,6,2,0,2,1,0,3.666666667,1
348,1,36.33333333,0,3,9,0,2,0,0,1,0,0,0,1,2,1,2,1,1,1,0,0,0,0,0,0,0,0,2,1,0,0,0,0,3,5093,8912.666667,0,2,1,0,0,0,0,0,0,0,0.3333333,19.33333333,1,1,0,1,3,0,0,0,12.33333333,3,0,0,3,0,10,5
349,0,41,0.333333333,3,9,0,0,0,3,0,0,0,1,1,1,1,2,1,1,1,0,0,1,0,0,0,0,0,1,1,0,0,0,2,1,5404.333333,14896,0,1,0,0,2,0,0,0,0,0,0.3333333,15,2,0,0,1,1,1,1,0,11,2.666666667,0,2,1,0,5.666666667,0
350,0,33.33333333,0,3.666666667,9,0,1,1,1,0,0,1,0,1,1,1,2,1,2,0,0,0,0,0,0,0,0,0,0,2,1,0,0,1,2,4953.333333,13213,0,1,1,0,1,0,0,0,0,0,0,14,0,0,2,1,0,3,0,0,11.33333333,2.333333333,0,1,2,0,9,5
351,0,36.66666667,0,3.666666667,12,0,0,0,2,1,0,0,1,0,2,2,1,1,2,0,0,0,0,0,1,0,0,0,2,0,0,0,1,1,1,2986,22839.33333,0,2,0,1,0,0,0,0,0,0,0,14.66666667,1,1,1,0,0,2,1,0,12.33333333,2.333333333,0,0,2,1,11.66666667,2
352,1,49,0,3,9,0,1,1,0,0,1,0,1,1,1,1,2,1,1,1,0,0,1,0,0,0,0,0,0,1,1,1,0,1,1,5709,16224.66667,1,0,0,1,1,0,0,0,0,0,0.3333333,19,0,2,1,0,0,3,0,0,10,3,1,0,2,0,5.333333333,0
353,0,36.33333333,0,3,8,0,0,0,2,0,1,0,1,0,2,1,2,1,2,0,0,0,1,0,1,0,0,0,1,0,0,0,1,1,1,3194.333333,12747,0,1,0,0,1,1,0,0,0,0,0.3333333,12.66666667,0,0,2,1,1,0,1,1,8,3,0,1,2,0,4.666666667,1
354,0,42.33333333,0,3,11,0,2,0,1,0,0,0,1,0,2,1,2,1,1,0,0,1,0,1,0,1,0,0,0,1,0,0,0,0,3,9464.333333,16357.33333,1,1,0,1,0,0,0,0,0,0,0.3333333,12,0,1,1,1,2,1,0,0,17.33333333,3.666666667,0,1,2,0,8.666666667,7
355,0,30.33333333,0,3.666666667,7,0,1,0,1,0,1,1,0,1,1,1,2,2,1,0,0,0,1,0,0,0,0,0,1,0,1,0,0,1,2,3774,15219,1,1,0,0,0,0,0,0,1,0,0.3333333,15,0,2,0,1,0,2,1,0,9.666666667,4.333333333,0,0,3,0,8,3
356,1,31,0.333333333,4.333333333,8,0,1,0,1,0,1,0,1,2,0,0,3,2,1,0,0,0,0,0,1,0,0,0,1,1,0,0,0,3,0,4037.333333,16816.33333,0,3,0,0,0,0,0,0,0,0,0,15.66666667,0,0,2,1,0,2,1,0,5,4,0,1,2,0,5,2
357,1,39.66666667,0.333333333,3.666666667,10,0,3,0,0,0,0,0,2,0,1,1,2,2,1,0,0,0,0,0,0,0,0,0,2,0,1,0,0,2,1,2871.666667,11248.66667,1,1,0,1,0,0,0,0,0,0,0.25,18.33333333,1,2,0,0,1,2,0,0,7.333333333,2.333333333,0,1,2,0,6.333333333,1
358,1,40,0,2.333333333,9,0,2,1,0,0,0,0,1,1,1,1,2,2,1,0,0,0,0,0,2,0,0,0,0,1,0,1,1,0,1,3666.666667,20440.66667,1,0,0,2,0,0,0,0,0,0,0,17.33333333,0,2,0,1,0,2,1,0,8,3,0,0,3,0,4.666666667,4
359,0,44.66666667,0,3.666666667,9,0,2,0,1,0,0,1,1,0,1,0,3,0,1,0,1,1,0,0,1,1,0,1,0,0,0,1,0,1,1,13663.33333,9636,0,0,0,0,2,0,0,1,0,0,0.3333333,15,1,1,1,0,2,1,0,0,20,3.333333333,0,1,2,0,9.333333333,1
360,0,37.33333333,0,3.666666667,10,0,1,0,2,0,0,1,0,2,0,1,2,1,0,2,0,0,0,0,0,0,1,1,1,0,0,0,0,2,1,8342.333333,19250.33333,0,0,2,0,1,0,0,0,0,0,0,12.66666667,1,1,1,0,2,0,0,1,15.33333333,2.333333333,0,0,2,1,4,2
361,0,35.66666667,0,3,9,0,2,0,1,0,0,0,2,1,0,3,0,2,1,0,0,0,0,0,1,0,1,0,0,0,1,1,0,2,0,3801.333333,7901,0,1,1,0,1,0,0,0,0,0,0.3333333,15.66666667,1,1,1,0,2,1,0,0,9,2.666666667,0,0,3,0,1.666666667,1
362,1,41,0.333333333,3,11,1,0,0,2,0,0,0,1,1,1,1,2,0,2,0,0,1,0,0,0,1,0,0,0,2,0,2,0,0,1,9150,16963.33333,1,0,1,0,0,0,0,0,0,1,0.25,17.33333333,1,0,1,1,1,1,1,0,14.66666667,2.333333333,1,0,2,0,3.333333333,3
363,0,31,0.666666667,3.666666667,9,1,0,0,2,0,0,1,2,0,0,0,3,2,0,0,1,0,0,1,0,0,0,1,0,0,1,2,0,0,1,6807.666667,10368.33333,0,1,0,0,1,0,0,1,0,0,0.25,14,0,0,1,2,1,0,1,1,7,3,0,2,1,0,5.666666667,1
364,1,37.66666667,0,3,8,0,2,0,0,0,1,0,0,2,1,2,1,0,3,0,0,0,0,0,0,0,2,0,0,1,0,1,0,0,2,5786,11765.66667,0,0,1,1,1,0,0,0,0,0,0.25,16.33333333,2,0,1,0,1,2,0,0,9.666666667,2.666666667,1,0,1,1,5.666666667,5
365,0,34.33333333,0,3.666666667,9,0,2,1,0,0,0,0,0,0,3,1,2,0,2,0,1,0,0,0,0,1,0,0,0,2,0,0,2,0,1,9082.666667,13343,1,1,1,0,0,0,0,0,0,0,0.25,16.66666667,0,1,1,1,1,2,0,0,12,2.333333333,0,0,3,0,9.333333333,3
366,0,38,0.333333333,4.333333333,8,0,2,0,1,0,0,0,0,1,2,3,0,2,0,0,1,0,0,0,2,0,0,0,0,1,0,1,0,1,1,6481.333333,21405,0,1,0,0,0,0,0,1,0,1,0,16,0,1,0,2,1,1,0,1,14.66666667,3.333333333,0,2,1,0,2.666666667,0
367,0,33.66666667,0.333333333,3.666666667,9,1,1,0,1,0,0,1,1,0,1,0,3,0,3,0,0,0,0,1,1,0,1,0,0,0,0,2,1,0,0,6867.666667,12654.66667,0,0,1,1,1,0,0,0,0,0,0.3333333,13.33333333,0,0,2,1,1,2,0,0,11,2,0,1,2,0,4,2
368,1,46.33333333,0,3,8,0,2,0,0,0,1,0,2,0,1,1,2,1,0,1,1,0,0,0,0,0,1,0,2,0,0,1,0,0,2,8376,11274,0,1,1,0,0,0,0,0,1,0,0.25,17.66666667,0,1,2,0,0,3,0,0,21.66666667,2.333333333,0,0,2,1,9,1
369,1,40,0,4.333333333,10,0,1,1,1,0,0,0,0,1,2,2,1,0,2,0,1,0,0,0,0,0,1,1,0,1,0,0,1,1,1,8751.333333,14206.66667,0,2,0,0,0,0,0,1,0,0,0,15.66666667,0,1,0,2,1,0,1,1,19.33333333,2.333333333,0,0,3,0,14.66666667,4
370,1,35.66666667,0.333333333,2.333333333,11,1,0,0,1,0,1,0,0,2,1,1,2,1,2,0,0,0,1,1,0,0,0,0,1,0,0,2,0,1,0,5328,23665.33333,0,0,0,1,2,0,0,0,0,0,0.3333333,18.33333333,0,1,1,1,1,2,0,0,11.33333333,3.333333333,0,1,2,0,3.333333333,1
371,1,37.66666667,0.666666667,3.666666667,9,0,1,2,0,0,0,1,1,1,0,1,2,1,0,2,0,0,0,0,0,0,0,0,1,2,0,1,1,0,1,7103.333333,10702,0,2,0,0,1,0,0,0,0,0,0.25,15.33333333,2,1,0,0,1,1,1,0,16,3,0,0,2,1,9,7
372,1,39.33333333,0,3.666666667,10,0,0,1,2,0,0,1,1,0,1,2,1,0,3,0,0,0,1,0,0,0,1,0,0,0,1,2,0,0,1,5210.333333,16545.33333,0,1,1,0,0,0,0,0,0,1,0.3333333,14.66666667,1,1,1,0,0,1,2,0,11.33333333,3.666666667,0,1,2,0,4.666666667,4
373,1,29.33333333,0,3.666666667,4,0,1,0,1,0,1,0,1,2,0,2,1,1,1,1,0,0,0,0,0,0,1,1,1,0,0,2,0,0,1,6547.666667,11488.33333,1,0,0,0,0,1,0,0,1,0,0.3333333,18,0,0,3,0,0,2,0,1,7.333333333,1.666666667,0,1,2,0,4.666666667,2
374,1,36.66666667,0.333333333,1.666666667,11,0,1,0,1,1,0,1,0,2,0,2,1,1,2,0,0,0,1,0,1,0,1,0,0,0,0,1,0,2,0,4556.666667,7200.333333,0,1,2,0,0,0,0,0,0,0,0,17.33333333,1,0,2,0,2,0,1,0,6,2.333333333,0,0,2,1,3,0
375,0,35.33333333,0,2.333333333,7,0,2,0,0,1,0,1,0,2,0,1,2,1,1,1,0,0,0,0,1,0,1,0,0,1,0,0,1,0,2,6252.666667,13245,2,0,0,0,1,0,0,0,0,0,0.3333333,14.66666667,1,1,0,1,1,2,0,0,9.666666667,3,0,2,1,0,8,5
376,1,43.66666667,0.333333333,3.666666667,7,0,2,1,0,0,0,0,1,0,2,2,1,2,0,1,0,0,0,0,0,0,1,0,1,0,1,0,2,1,0,5540.666667,16947.33333,0,1,0,2,0,0,0,0,0,0,0,17.66666667,0,1,1,1,2,1,0,0,11.33333333,3,0,1,2,0,3,2
377,1,39.33333333,0.333333333,3,9,0,1,0,0,0,2,1,0,1,1,1,2,2,1,0,0,0,0,0,0,0,0,0,2,1,0,0,0,2,1,3131,11857.33333,0,1,0,0,0,0,0,1,0,1,0,15.66666667,0,1,1,1,1,1,1,0,3,3,0,0,2,1,1.666666667,1
378,0,43.33333333,0,3,11,1,2,0,0,0,0,0,0,1,2,2,1,0,2,0,0,1,1,0,0,1,0,0,1,0,0,0,0,3,0,9402,16232.33333,0,2,0,1,0,0,0,0,0,0,0.3333333,12,0,1,0,2,1,2,0,0,19,4,0,1,2,0,13.33333333,4
379,0,35.66666667,0,3,9,0,0,0,1,0,2,1,1,1,0,0,3,1,2,0,0,0,0,0,0,0,0,0,1,1,1,0,1,2,0,5826.333333,17368.66667,1,2,0,0,0,0,0,0,0,0,0.3333333,16.33333333,1,1,1,0,2,1,0,0,5.333333333,3.333333333,0,0,3,0,4.666666667,1
380,1,34.66666667,0,4.333333333,5,0,1,1,1,0,0,0,0,1,2,1,2,0,2,0,1,0,0,0,0,0,1,0,0,2,0,0,0,1,2,7654,14947.33333,1,1,0,1,0,0,0,0,0,0,0.3333333,19,0,2,0,1,0,2,1,0,11,2.666666667,0,0,3,0,7.333333333,4
381,0,40.66666667,0,3,8,0,1,0,1,0,1,1,2,0,0,1,2,0,3,0,0,0,1,0,1,0,1,0,0,0,0,1,0,1,1,5022.666667,9182.333333,0,1,0,1,0,0,1,0,0,0,0,15,0,2,0,1,0,2,1,0,11.66666667,3.666666667,1,1,1,0,8.666666667,3
382,1,39,0,2.333333333,6,0,1,1,1,0,0,1,1,0,1,2,1,1,1,0,0,1,0,0,0,0,1,1,0,0,1,0,1,1,1,9113.333333,15213.33333,0,2,0,0,0,1,0,0,0,0,0,16.33333333,0,1,1,1,0,0,2,1,14.33333333,2.333333333,0,0,3,0,9.333333333,2
383,0,45.33333333,0.333333333,3,11,0,2,0,1,0,0,0,2,0,1,2,1,1,2,0,0,0,0,0,2,0,0,0,1,0,0,0,1,0,2,2533.333333,11424,0,0,1,0,1,0,1,0,0,0,0.3333333,15.33333333,0,0,1,2,2,1,0,0,15.66666667,2.333333333,0,1,2,0,3.333333333,1
384,0,40,0,3.666666667,9,0,2,0,1,0,0,0,1,0,2,0,3,0,2,0,0,1,0,0,0,1,0,0,1,1,0,0,2,0,1,10201.66667,11393.33333,1,1,0,0,0,0,1,0,0,0,0,16,1,1,0,1,1,0,1,1,18.33333333,3,0,0,2,1,8.333333333,7
385,0,34.33333333,0.333333333,3,7,1,1,0,1,0,0,1,1,0,1,1,2,1,1,1,0,0,0,1,0,0,0,1,0,1,0,0,2,1,0,7406,12724.33333,0,0,0,2,0,0,1,0,0,0,0.25,12.66666667,1,1,1,0,1,2,0,0,12.33333333,3,0,0,2,1,7.333333333,0
386,0,39,0.333333333,3.666666667,8,0,1,0,1,0,1,1,0,2,0,0,3,2,0,0,0,1,0,0,2,1,0,0,0,0,0,0,0,0,3,8006.333333,20028.33333,0,1,0,0,1,1,0,0,0,0,0,15,2,1,0,0,1,2,0,0,11.66666667,3,0,1,2,0,8.666666667,1
387,1,29.33333333,0,3,6,0,1,0,0,1,1,0,0,1,2,1,2,2,1,0,0,0,0,0,2,0,0,0,1,0,0,0,1,1,1,4059.333333,17402.33333,1,1,0,0,1,0,0,0,0,0,0.3333333,19.33333333,0,1,1,1,0,3,0,0,6.333333333,2,0,0,3,0,1.333333333,1
388,0,36.66666667,0,2.333333333,8,1,2,0,0,0,0,1,0,2,0,1,2,0,1,1,0,1,0,1,0,1,0,1,0,0,0,2,0,0,1,12416.66667,17264.66667,1,1,0,0,0,0,0,0,0,1,0,15.66666667,1,0,0,2,1,1,1,0,16,2.666666667,1,1,1,0,14.66666667,8
389,0,37.66666667,0.333333333,3,11,0,1,0,1,0,1,1,0,0,2,0,3,1,0,2,0,0,1,0,1,0,0,0,0,1,0,0,1,0,2,7017,22332,1,2,0,0,0,0,0,0,0,0,0,11.33333333,1,0,2,0,1,1,0,1,13.33333333,3.333333333,0,1,2,0,13,10
390,1,29,0.333333333,3,9,0,1,1,1,0,0,1,1,1,0,0,3,2,1,0,0,0,0,0,1,0,0,0,1,1,0,0,0,1,2,3535,13472.66667,0,3,0,0,0,0,0,0,0,0,0,20.66666667,1,1,1,0,2,0,1,0,4.333333333,3.333333333,1,1,1,0,4.333333333,1
391,0,33.33333333,0,3,7,0,0,0,3,0,0,0,0,2,1,1,2,1,1,1,0,0,1,0,1,0,0,1,0,0,0,0,2,1,0,6973,14684.66667,1,1,0,0,0,0,0,0,0,1,0,12,0,0,1,2,3,0,0,0,9,2.666666667,1,1,0,1,7,3
392,0,34,0,3,8,0,2,0,0,1,0,1,0,0,2,0,3,1,2,0,0,0,1,0,0,0,0,0,1,1,0,0,0,2,1,4443,11530,0,1,1,0,0,0,0,0,1,0,0,14,0,0,1,2,1,1,1,0,4.666666667,3,1,1,0,1,2.333333333,1
393,0,32,0.333333333,3,7,0,0,0,2,0,1,0,1,1,1,0,3,2,0,1,0,0,1,0,0,0,0,0,2,0,0,1,0,1,1,4882,13623.33333,1,0,2,0,0,0,0,0,0,0,0.3333333,14.66666667,1,0,1,1,1,1,0,1,10.33333333,3,0,1,2,0,8,2
394,0,31,0,3,10,0,1,0,2,0,0,1,1,1,0,2,1,0,3,0,0,0,1,0,1,0,0,0,0,1,0,0,0,1,2,5845.666667,13725,0,2,0,0,0,1,0,0,0,0,0.25,15.66666667,1,1,0,1,0,2,1,0,8.333333333,4.333333333,0,1,2,0,7,5
395,1,49,0,3.666666667,5,0,1,0,1,0,1,0,1,0,2,0,3,1,0,0,1,1,0,0,1,0,0,2,0,0,0,0,1,0,2,13039.66667,12324.33333,0,0,0,1,0,1,0,0,0,1,0,16,0,0,2,1,2,1,0,0,22.33333333,2.666666667,0,2,1,0,3.666666667,1
396,1,30.33333333,0.333333333,3.666666667,8,0,1,0,0,2,0,2,0,1,0,1,2,1,2,0,0,0,0,0,1,0,0,0,0,1,1,0,0,2,1,4208,15786,2,0,0,0,0,0,0,1,0,0,0.25,15.66666667,2,1,0,0,0,3,0,0,5.333333333,3,0,2,1,0,2,1
397,0,35.33333333,0.666666667,3.666666667,10,0,0,1,0,1,1,0,0,1,2,1,2,1,2,0,0,0,0,0,1,0,0,0,0,2,0,0,1,1,1,3919.666667,20892.66667,2,1,0,0,0,0,0,0,0,0,0.25,18.33333333,0,2,1,0,1,2,0,0,5,2,1,1,0,1,4.333333333,1
398,1,28.33333333,0,3.666666667,6,0,2,0,0,1,0,0,0,0,3,0,3,1,1,1,0,0,0,0,1,0,2,0,0,0,0,0,0,2,1,6092.666667,11743.66667,1,0,0,0,0,0,2,0,0,0,0,20.66666667,1,1,1,0,1,1,1,0,7,2,1,1,1,0,4.333333333,2
399,0,39.66666667,0,3,10,0,2,0,1,0,0,2,0,1,0,1,2,0,2,0,0,1,0,0,0,1,0,0,0,2,0,0,1,2,0,10654.33333,11564,0,0,1,0,0,1,0,0,1,0,0.25,14.66666667,1,1,1,0,1,1,1,0,17.33333333,2,0,1,2,0,10,0
400,0,32,0.666666667,3.666666667,6,0,1,0,1,0,1,0,0,2,1,1,2,2,0,1,0,0,1,0,2,0,0,0,0,0,0,2,0,0,1,5412.333333,6407.333333,0,1,0,0,0,0,0,1,1,0,0,14,1,1,1,0,1,2,0,0,8.333333333,2,0,2,0,1,2.666666667,0
401,0,31.66666667,0.333333333,3,10,0,1,0,2,0,0,2,0,1,0,1,2,1,1,1,0,0,0,0,2,1,0,0,0,0,0,2,0,0,1,7157.333333,12538.33333,0,1,1,0,0,1,0,0,0,0,0,13.66666667,0,0,2,1,2,1,0,0,10,4.333333333,0,1,2,0,7.666666667,2
402,0,39.33333333,0,2.333333333,8,0,2,0,0,0,1,1,0,1,1,2,1,2,1,0,0,0,0,0,0,0,0,0,1,1,1,1,0,1,1,4049.666667,13247.33333,0,1,0,0,1,0,0,1,0,0,0.3333333,12.66666667,0,0,3,0,0,2,0,1,11.66666667,2,0,1,1,1,7.333333333,1
403,0,30.33333333,0.666666667,3.666666667,8,0,2,1,0,0,0,0,1,2,0,2,1,1,2,0,0,0,0,0,0,0,1,0,0,1,1,0,0,2,1,4071.666667,11609.33333,1,1,0,0,0,0,1,0,0,0,0.25,18.33333333,1,0,0,2,1,2,0,0,6.666666667,2.666666667,0,0,2,1,5.666666667,3
404,0,38,0.333333333,2.333333333,7,0,3,0,0,0,0,1,0,1,1,1,2,1,0,2,0,0,1,0,0,0,0,1,1,0,0,1,1,0,1,7407.666667,19056.66667,1,1,0,0,0,0,1,0,0,0,0.3333333,16.66666667,1,1,0,1,1,2,0,0,9.333333333,2.666666667,2,0,1,0,7.666666667,1
405,0,28.33333333,0,1.666666667,8,0,3,0,0,0,0,0,3,0,0,1,2,3,0,0,0,0,0,0,0,0,0,0,2,0,1,0,0,0,3,2028,14196.66667,1,2,0,0,0,0,0,0,0,0,0.3333333,15.33333333,0,0,0,3,2,1,0,0,4.333333333,2.666666667,0,2,1,0,4,0
406,1,42,0,3,9,0,0,1,1,0,1,1,2,0,0,2,1,0,1,1,0,1,0,0,1,0,0,1,0,1,0,1,0,1,1,11439,12873.66667,1,1,1,0,0,0,0,0,0,0,0.25,16,1,0,1,1,0,2,0,1,21,3.333333333,0,1,2,0,13.66666667,8
407,0,34.33333333,0.333333333,3,9,0,1,1,1,0,0,1,0,1,1,1,2,2,0,1,0,0,0,0,2,0,0,0,0,1,0,1,1,0,1,5533.333333,18860.66667,0,2,0,0,1,0,0,0,0,0,0.3333333,14,0,1,2,0,1,1,1,0,9.666666667,3,0,0,2,1,7.333333333,3
408,0,30.33333333,0.333333333,3.666666667,12,0,3,0,0,0,0,0,1,1,1,2,1,1,1,1,0,0,0,1,0,0,1,0,0,1,0,0,0,2,1,5772.333333,16247.66667,1,2,0,0,0,0,0,0,0,0,0.3333333,14.33333333,2,1,0,0,0,3,0,0,9,3.333333333,0,2,1,0,8.666666667,7
409,0,31.33333333,0.333333333,3,10,0,2,0,0,0,1,0,0,1,2,2,1,2,1,0,0,0,1,0,1,0,0,0,0,0,1,0,2,1,0,3183,18616,0,3,0,0,0,0,0,0,0,0,0.3333333,11,2,0,1,0,2,0,0,1,8,3.333333333,0,0,2,1,8,1
410,1,36.66666667,0.666666667,4.333333333,8,0,1,0,1,0,1,2,0,1,0,2,1,1,1,0,1,0,1,0,0,0,0,0,1,0,1,0,0,3,0,7127.666667,10176,0,1,1,1,0,0,0,0,0,0,0.25,18.66666667,0,2,0,1,1,2,0,0,16.33333333,3.333333333,0,0,2,1,10.33333333,3
411,1,37,0.333333333,3.666666667,8,0,0,1,2,0,0,3,0,0,0,1,2,1,0,2,0,0,1,0,1,0,0,0,0,1,0,1,0,1,1,7226,9355.333333,0,0,2,0,0,0,0,1,0,0,0.25,16.66666667,1,1,0,1,1,0,1,1,14,2.666666667,0,0,3,0,8,3
412,1,33.66666667,0.333333333,2.333333333,8,0,0,0,3,0,0,0,1,1,1,1,2,1,1,1,0,0,0,0,0,0,1,0,1,1,0,1,0,2,0,5029,16274,1,1,0,1,0,0,0,0,0,0,0,19,2,0,0,1,2,1,0,0,8.666666667,2,0,0,2,1,6.333333333,3
413,1,35.66666667,0,3.666666667,10,1,2,0,0,0,0,0,1,2,0,1,2,2,1,0,0,0,0,1,1,0,0,0,0,1,0,2,0,1,0,3755,10714,0,2,1,0,0,0,0,0,0,0,0,17.33333333,1,1,0,1,0,1,2,0,6.666666667,2.333333333,0,0,3,0,5,5
414,1,38,0.333333333,3,9,0,2,0,1,0,0,0,0,1,2,2,1,0,2,1,0,0,0,0,0,0,0,0,1,2,0,0,2,0,1,5843,11193.66667,1,1,0,0,0,1,0,0,0,0,0,16.33333333,1,0,1,1,0,0,2,1,13.66666667,2.333333333,0,0,3,0,11,8
415,0,37.66666667,0,1.666666667,10,0,0,0,2,0,1,1,2,0,0,2,1,1,2,0,0,0,0,0,0,0,0,0,3,0,0,0,1,1,1,4042.666667,17798,0,1,1,0,0,0,0,1,0,0,0,13.33333333,1,1,0,1,2,0,0,1,16.33333333,3,1,0,2,0,13.33333333,7
416,0,37.66666667,0.333333333,3,11,0,1,0,1,1,0,0,1,1,1,2,1,1,1,0,0,1,0,0,0,1,1,0,1,0,0,0,1,1,1,9805.666667,18964.33333,0,1,0,2,0,0,0,0,0,0,0.25,15.66666667,0,1,0,2,1,0,2,0,12.33333333,3.666666667,0,1,2,0,6,3
417,1,27,0.666666667,3,10,0,1,1,1,0,0,0,1,0,2,3,0,2,1,0,0,0,0,1,0,0,0,0,1,1,0,0,2,1,0,3107,12089.33333,1,2,0,0,0,0,0,0,0,0,0.3333333,14.66666667,1,0,1,1,3,0,0,0,7.333333333,2.333333333,0,0,3,0,7,5
418,1,36.66666667,0.333333333,3.666666667,9,0,0,0,0,1,2,0,1,1,1,0,3,2,1,0,0,0,0,0,1,0,0,0,1,0,1,0,1,0,2,3231.666667,7377.333333,0,2,0,1,0,0,0,0,0,0,0,15.33333333,1,0,2,0,1,2,0,0,11.33333333,4,0,2,0,1,5,1
419,1,34.66666667,0,3,8,2,0,0,0,1,0,1,0,2,0,1,2,3,0,0,0,0,0,2,1,0,0,0,0,0,0,0,2,0,1,3024,5567.666667,1,1,0,0,0,1,0,0,0,0,0,17.33333333,0,0,2,1,0,2,0,1,6.333333333,2,1,0,2,0,5.333333333,2
420,0,45.33333333,0.333333333,3,6,0,1,0,0,0,2,0,0,1,2,2,1,2,1,0,0,0,0,0,1,0,0,0,1,1,0,0,1,1,1,3193.333333,15160.66667,0,1,0,0,0,1,0,0,1,0,0,13,0,0,1,2,2,1,0,0,9.666666667,4,1,0,1,1,6,2
421,0,39,0,3,11,0,2,1,0,0,0,1,1,0,1,2,1,0,2,0,1,0,1,0,0,1,0,0,0,1,0,1,0,2,0,8886.666667,13506.33333,0,1,1,0,0,0,0,1,0,0,0,11.66666667,0,1,1,1,1,2,0,0,12,3,0,1,2,0,6,1
422,0,48.66666667,0,3,11,0,1,1,1,0,0,1,1,0,1,1,2,1,0,1,1,0,1,0,1,0,0,0,0,1,0,0,0,1,2,7018,16247.33333,0,0,0,2,0,1,0,0,0,0,0.25,14,0,0,3,0,1,2,0,0,16.33333333,2.666666667,0,0,3,0,4.333333333,2
423,0,33.66666667,0,4.333333333,10,0,1,1,0,1,0,0,1,0,2,0,3,2,1,0,0,0,0,1,1,0,0,0,0,1,0,0,1,1,1,3858.333333,12701.66667,1,1,0,0,0,0,0,0,0,1,0,11.33333333,0,2,1,0,1,2,0,0,8,2,0,0,3,0,6.333333333,2
424,0,37.33333333,0,4.333333333,11,0,2,0,0,0,1,1,0,1,1,2,1,0,3,0,0,0,0,0,1,0,1,0,1,0,0,0,1,2,0,5383,18711,0,1,1,0,0,0,1,0,0,0,0,12.33333333,1,0,1,1,0,3,0,0,10.66666667,2,0,0,2,1,6.333333333,1
425,1,35.33333333,0,2.333333333,9,0,1,0,2,0,0,0,0,2,1,1,2,0,3,0,0,0,0,0,0,0,2,0,0,1,0,0,1,1,1,5170,14918.33333,1,0,1,0,1,0,0,0,0,0,0.25,17,0,2,1,0,2,1,0,0,7.666666667,4,0,0,3,0,4.666666667,4
426,0,40.66666667,1,3.666666667,8,0,1,1,0,0,1,2,0,1,0,1,2,1,0,1,0,1,0,0,1,1,0,0,0,0,1,1,1,1,0,8432,10809.66667,0,1,1,0,0,0,0,0,0,1,0.3333333,15.33333333,1,0,0,2,3,0,0,0,16.66666667,2.333333333,0,0,3,0,8.666666667,1
427,1,38,1,3.666666667,9,0,2,0,1,0,0,1,0,1,1,1,2,1,1,1,0,0,0,0,0,0,0,0,2,1,0,1,1,0,1,5314.666667,14197.33333,0,1,2,0,0,0,0,0,0,0,0.3333333,19.66666667,1,1,1,0,3,0,0,0,7.666666667,2.666666667,0,3,0,0,3,0
428,0,42.33333333,0,3,10,0,0,1,2,0,0,1,0,0,2,1,2,1,1,0,1,0,0,0,1,0,0,0,0,2,0,1,0,2,0,6938.333333,18206.33333,0,1,0,0,0,0,0,1,0,1,0,12.66666667,1,0,1,1,0,2,1,0,14.33333333,2.333333333,0,1,2,0,11.33333333,2
429,0,44.66666667,0,4.333333333,11,0,2,0,1,0,0,0,0,1,2,0,3,0,2,0,1,0,0,0,1,0,0,1,1,0,0,0,0,2,1,8409.333333,14336,0,0,0,2,0,0,0,1,0,0,0.3333333,15.66666667,0,1,1,1,1,1,1,0,20.33333333,3.333333333,0,0,2,1,8.666666667,5
430,1,31.66666667,0,2.333333333,9,0,2,0,1,0,0,0,1,0,2,1,2,0,2,1,0,0,1,0,0,0,1,0,0,1,0,0,0,2,1,6972,18264.33333,1,2,0,0,0,0,0,0,0,0,0.3333333,18.33333333,1,2,0,0,0,3,0,0,10.33333333,2.333333333,0,1,2,0,10,4
431,1,44,0,2.333333333,8,0,1,0,1,1,0,0,2,1,0,2,1,1,0,0,2,0,0,0,0,2,0,0,1,0,0,0,1,1,1,11787,17789,0,2,0,0,1,0,0,0,0,0,0,17.33333333,0,0,2,1,1,2,0,0,21.33333333,1.666666667,0,2,1,0,14.33333333,1
432,0,44,0,3,9,1,2,0,0,0,0,0,1,1,1,1,2,0,1,1,1,0,1,0,0,1,0,0,0,1,0,0,1,0,2,10782.66667,18359.66667,0,1,1,1,0,0,0,0,0,0,0.25,14.66666667,1,1,1,0,2,0,1,0,20.66666667,3,0,1,2,0,7.666666667,5
433,0,38,0,3.666666667,7,1,1,0,1,0,0,0,1,1,1,1,2,1,1,0,1,0,1,1,0,0,1,0,0,0,0,0,0,3,0,6902.666667,9951.666667,0,2,1,0,0,0,0,0,0,0,0.25,12,0,2,0,1,1,2,0,0,11.66666667,2.333333333,0,2,0,1,5.333333333,4
434,0,45.66666667,0,3,9,0,2,1,0,0,0,1,0,1,1,1,2,1,1,1,0,0,0,0,1,0,1,0,0,1,0,1,0,1,1,6425.666667,16373.33333,0,2,0,0,1,0,0,0,0,0,0.3333333,16.66666667,1,0,0,2,1,1,1,0,11,3.333333333,0,1,1,1,9.666666667,4
435,0,41,0,3.666666667,8,0,0,0,2,1,0,0,0,2,1,1,2,2,0,1,0,0,1,0,1,0,0,0,1,0,0,2,0,0,1,5504,15800.66667,0,1,1,0,0,0,0,0,0,1,0,12.33333333,0,0,3,0,1,1,1,0,11.66666667,3,1,1,1,0,5.666666667,2
436,0,37.33333333,0.333333333,3.666666667,9,0,2,0,0,0,1,1,0,1,1,2,1,3,0,0,0,0,0,0,2,0,0,0,1,0,0,0,2,0,1,2896.333333,13429,1,1,0,0,0,0,0,0,0,1,0.25,14.66666667,0,1,0,2,1,1,1,0,5.666666667,2.333333333,0,1,2,0,4.333333333,2
437,0,45,0.333333333,3.666666667,9,0,1,0,0,2,0,0,0,2,1,1,2,2,1,0,0,0,0,0,0,0,0,0,2,1,0,1,0,2,0,3363.666667,12987.66667,0,0,0,1,0,0,0,1,1,0,0.25,13.66666667,0,0,0,3,2,1,0,0,7.666666667,3,0,1,2,0,4.666666667,0
438,0,34.33333333,0,3,10,0,2,0,1,0,0,2,1,0,0,3,0,1,2,0,0,0,0,0,1,0,0,0,1,1,0,0,0,1,2,5004,11271.66667,0,1,0,1,0,0,0,1,0,0,0.25,14.33333333,1,0,1,1,1,2,0,0,10,1.333333333,0,1,2,0,8,2
439,1,39,0.333333333,3.666666667,8,0,2,0,1,0,0,0,1,2,0,0,3,1,0,1,1,0,0,0,0,1,0,0,1,1,0,0,0,1,2,9650.333333,19843,0,0,2,0,0,0,0,1,0,0,0.25,18.33333333,0,1,1,1,2,0,1,0,15,2.666666667,1,0,0,2,11,5
440,0,38.66666667,0,3.666666667,11,0,1,1,0,0,1,0,0,2,1,0,3,2,0,1,0,0,0,1,1,0,0,0,0,1,0,1,0,1,1,6257.333333,11156.33333,0,1,0,0,2,0,0,0,0,0,0.25,15.66666667,0,1,1,1,1,1,1,0,9.333333333,2,1,0,2,0,3.666666667,1
441,0,28.66666667,0,2.333333333,9,0,0,2,1,0,0,1,1,0,1,2,1,1,2,0,0,0,0,0,0,0,0,0,1,2,0,0,0,1,2,5041.666667,19812.66667,0,3,0,0,0,0,0,0,0,0,0.25,12.66666667,1,1,0,1,0,1,2,0,9.333333333,2.666666667,0,1,2,0,9,6
442,0,31,0,3,7,0,2,1,0,0,0,0,1,2,0,2,1,2,0,1,0,0,0,0,0,0,0,0,1,1,1,1,0,1,1,3842.666667,16143.66667,1,1,1,0,0,0,0,0,0,0,0,16,2,0,0,1,0,3,0,0,6.333333333,2,0,1,2,0,4.333333333,1
443,0,37,0.333333333,4.333333333,11,0,2,1,0,0,0,2,0,0,1,2,1,0,2,1,0,0,0,0,0,1,1,0,0,1,0,1,1,1,0,7878.666667,18329.66667,0,0,0,0,1,1,1,0,0,0,0.3333333,14.33333333,0,1,1,1,1,1,1,0,9,2,0,0,3,0,5.333333333,3
444,0,40.33333333,0,3.666666667,9,0,2,0,1,0,0,0,1,2,0,2,1,3,0,0,0,0,0,0,0,0,0,0,3,0,0,0,1,1,1,3313.333333,20086.33333,0,2,0,0,1,0,0,0,0,0,0.3333333,11.66666667,0,2,0,1,3,0,0,0,7.666666667,1.333333333,0,2,1,0,2.666666667,1
445,0,40,0,2.333333333,9,0,1,0,2,0,0,1,1,1,0,1,2,1,1,0,0,1,0,0,1,1,1,0,0,0,0,0,0,2,1,8785.333333,18045.33333,0,2,0,0,0,0,0,1,0,0,0.25,15.66666667,0,0,2,1,1,1,0,1,16.66666667,1.666666667,0,1,1,1,15.33333333,3
446,0,33.33333333,0,4.333333333,8,0,2,0,1,0,0,1,0,1,1,0,3,1,1,0,1,0,0,0,1,1,0,0,1,0,0,1,0,1,1,8583.666667,16578.66667,0,2,0,1,0,0,0,0,0,0,0,14,1,0,0,2,1,1,1,0,12.33333333,3.333333333,0,0,1,2,10.33333333,3
447,1,32.33333333,0,3,12,0,2,0,1,0,0,1,1,1,0,3,0,3,0,0,0,0,0,0,1,0,0,0,1,0,1,0,1,1,1,2927.333333,20454.66667,1,0,0,0,1,0,0,0,1,0,0,18.66666667,2,0,0,1,1,1,1,0,8.333333333,3.666666667,0,0,3,0,5.666666667,5
448,0,36.33333333,0,3,8,0,2,0,0,0,1,1,0,1,1,3,0,1,1,1,0,0,0,0,0,0,1,1,0,0,1,0,1,1,1,7038,13193.33333,0,2,0,1,0,0,0,0,0,0,0.3333333,16,0,1,1,1,0,2,1,0,13.66666667,2.333333333,0,1,2,0,10.66666667,8
449,1,35,0.333333333,3.666666667,8,0,1,0,2,0,0,1,0,1,1,0,3,1,2,0,0,0,1,0,0,0,0,0,2,0,0,2,0,0,1,5680.333333,20075,1,1,0,0,0,1,0,0,0,0,0,18,1,0,1,1,1,2,0,0,9.333333333,1.333333333,0,0,2,1,5.333333333,5
450,1,51.66666667,0,3,7,0,3,0,0,0,0,1,0,1,1,2,1,1,1,0,1,0,0,0,0,1,0,0,2,0,0,2,0,0,1,7671,14044,0,0,2,0,1,0,0,0,0,0,0,17,1,0,1,1,0,2,1,0,17,2.333333333,0,2,0,1,1.666666667,1
451,1,37,0,3,9,0,2,0,1,0,0,0,0,3,0,1,2,2,0,1,0,0,0,0,0,0,0,1,1,0,1,0,0,1,2,6612.666667,9326,0,2,0,0,0,1,0,0,0,0,0.3333333,16.33333333,1,1,1,0,2,1,0,0,8.666666667,3.333333333,0,1,2,0,7.666666667,1
452,0,38.33333333,0,5,9,0,0,1,1,1,0,0,0,2,1,2,1,1,2,0,0,0,0,0,0,0,0,0,2,1,0,2,0,0,1,3840.333333,15261.33333,1,0,0,1,0,1,0,0,0,0,0.3333333,14.66666667,0,0,1,2,0,2,1,0,12,2.333333333,1,0,2,0,4.666666667,1
453,0,32.66666667,0.666666667,3,8,0,1,1,1,0,0,2,0,1,0,1,2,1,1,1,0,0,0,0,0,1,0,0,1,1,0,0,1,2,0,6533.333333,20830.66667,0,3,0,0,0,0,0,0,0,0,0.25,12,0,0,1,2,1,1,1,0,7,2.666666667,0,1,2,0,7,5
454,0,29.33333333,0.333333333,4.333333333,6,0,1,0,2,0,0,1,1,0,1,1,2,3,0,0,0,0,0,0,2,0,0,0,1,0,0,0,1,0,2,3131.333333,13879.66667,3,0,0,0,0,0,0,0,0,0,0.25,14,1,0,1,1,3,0,0,0,5.666666667,2.333333333,0,1,2,0,4.666666667,3
455,1,40.33333333,0,3,7,0,2,0,1,0,0,2,1,0,0,0,3,1,2,0,0,0,0,0,0,0,2,0,1,0,0,0,2,0,1,3804.333333,13065.66667,0,2,0,1,0,0,0,0,0,0,0.3333333,16.33333333,0,0,1,2,1,1,1,0,7.666666667,2.666666667,0,2,1,0,5.333333333,2
456,1,43,0,3,12,0,3,0,0,0,0,1,0,1,1,2,1,0,0,1,1,1,0,0,0,1,1,1,0,0,0,1,1,1,0,5312,10752.33333,0,1,0,1,1,0,0,0,0,0,0.3333333,15,0,1,0,2,2,1,0,0,22.33333333,2.333333333,0,0,3,0,7.333333333,3
